t,x,y,z
0.005,4.9,4.4,0.099755
0.065,4.9,4.4,0.077705
0.125,4.902299,4.401863,0.062894
0.185,4.902901,4.40179,0.061480999999999994
0.25,4.896105,4.394755,0.061421
0.31,4.889307,4.387867,0.061412
0.37,4.882752,4.3812169999999995,0.061421
0.435,4.875419,4.373784,0.06141799999999999
0.5,4.86822,4.366496,0.06142
0.56,4.861524,4.359701,0.061421
0.62,4.8548089999999995,4.352906,0.061415
0.68,4.8481510000000005,4.3461669999999994,0.061423
0.74,4.841412999999999,4.3393690000000005,0.061416
0.805,4.834199,4.332063,0.06141900000000001
0.865,4.827485,4.325273999999999,0.06141900000000001
0.93,4.820232,4.317958999999999,0.06141900000000001
0.995,4.81297,4.310619,0.06141799999999999
1.06,4.805718,4.303278,0.06141900000000001
1.12,4.799034,4.2964970000000005,0.061416
1.185,4.791787,4.289161,0.06141799999999999
1.245,4.785126,4.282411,0.06142
1.31,4.777844,4.275067,0.06141799999999999
1.37,4.771154,4.268294999999999,0.06141900000000001
1.435,4.763907,4.260973,0.06141900000000001
1.495,4.757204,4.254187,0.061417
1.56,4.749967,4.246835,0.06141900000000001
1.62,4.74329,4.240083,0.06141900000000001
1.685,4.7360370000000005,4.232722,0.061417
1.745,4.729347,4.22595,0.06141799999999999
1.81,4.722098,4.218628,0.061417
1.87,4.715401,4.211839,0.061416
1.935,4.708148,4.204496,0.061416
1.995,4.7014569999999996,4.197716000000001,0.061417
2.055,4.6947790000000005,4.190951,0.061421
2.12,4.687521,4.183612,0.06142
2.18,4.68082,4.1768339999999995,0.06141799999999999
2.245,4.673579,4.169518,0.061416
2.305,4.666887,4.1627339999999995,0.061416
2.37,4.659619999999999,4.155382,0.06141900000000001
2.435,4.652387,4.148055,0.061423
2.5,4.645132,4.1407110000000005,0.061417
2.565,4.637898000000001,4.133364,0.06141799999999999
2.63,4.630656,4.126005,0.061417
2.69,4.623969000000001,4.119249,0.06141900000000001
2.755,4.616715,4.111885,0.061417
2.82,4.609471,4.104571,0.06142
2.885,4.6022110000000005,4.097215,0.061417
2.95,4.594962000000001,4.0898900000000005,0.061416
3.015,4.587733,4.08256,0.061416
3.075,4.581039,4.0757650000000005,0.061416
3.14,4.573775,4.0684309999999995,0.06141799999999999
3.205,4.566525,4.061105,0.06141799999999999
3.27,4.5592760000000006,4.053768,0.061421
3.335,4.552023999999999,4.046451,0.06141799999999999
3.4,4.544773,4.039092,0.06141900000000001
3.46,4.53809,4.032321,0.061421
3.525,4.530828,4.024993,0.06141799999999999
3.585,4.524157,4.018244,0.06142
3.65,4.516878,4.010909,0.061417
3.715,4.509641,4.003571,0.061421
3.78,4.502406,3.9962400000000002,0.06142
3.845,4.495152,3.9889019999999995,0.061416
3.91,4.487889,3.9815410000000004,0.061415
3.97,4.4812080000000005,3.974786,0.06141799999999999
4.035,4.473944,3.9674410000000004,0.061416
4.1,4.466715,3.9601019999999996,0.06141900000000001
4.165,4.459457,3.952774,0.06141799999999999
4.23,4.452219,3.945439,0.06141799999999999
4.295,4.44498,3.9380910000000005,0.06142
4.36,4.437714,3.9307519999999996,0.061417
4.425,4.430458,3.9234089999999995,0.06141799999999999
4.485,4.423801,3.916646,0.06141799999999999
4.55,4.416544999999999,3.9093120000000003,0.061417
4.61,4.409831,3.902533,0.06141900000000001
4.675,4.40259,3.895201,0.06141900000000001
4.74,4.39531,3.88785,0.061417
4.805,4.388083,3.8805370000000003,0.06141799999999999
4.87,4.380838,3.873213,0.06141799999999999
4.935,4.373577,3.865857,0.06141799999999999
5.0,4.366336,3.8585300000000005,0.06141799999999999
5.065,4.359087000000001,3.851181,0.06141799999999999
5.13,4.3518419999999995,3.843838,0.06142
5.195,4.344622,3.836524,0.061421
5.255,4.337905,3.829718,0.06141799999999999
5.32,4.330699,3.8223809999999996,0.06141799999999999
5.38,4.323997,3.815586,0.061417
5.445,4.316762000000001,3.8082580000000004,0.061422000000000004
5.505,4.310068,3.801484,0.06141799999999999
5.57,4.302827,3.794161,0.06141900000000001
5.635,4.295580999999999,3.7868370000000002,0.06141799999999999
5.7,4.288328,3.779493,0.06141799999999999
5.765,4.281073,3.772161,0.06142
5.83,4.273827,3.764814,0.061423
5.895,4.266578,3.75746,0.061417
5.96,4.2593440000000005,3.7501290000000003,0.06141900000000001
6.025,4.252101000000001,3.7428019999999997,0.061421
6.09,4.244829,3.7354540000000003,0.061417
6.15,4.238141000000001,3.7286989999999998,0.06141900000000001
6.215,4.23088,3.7213580000000004,0.06141900000000001
6.275,4.224194000000001,3.714582,0.06141900000000001
6.34,4.216933999999999,3.7072529999999997,0.06141799999999999
6.405,4.2096800000000005,3.699914,0.06141900000000001
6.47,4.202426,3.692575,0.06142
6.535,4.195195,3.685235,0.06141799999999999
6.6,4.187924,3.677897,0.06141799999999999
6.665,4.180649,3.6705690000000004,0.06141900000000001
6.73,4.173418,3.6632339999999997,0.06141799999999999
6.795,4.166173000000001,3.6558900000000003,0.06141900000000001
6.86,4.158921,3.6485550000000004,0.06141900000000001
6.92,4.152236,3.6417889999999997,0.061421
6.985,4.144945,3.634443,0.06142
7.045,4.1382639999999995,3.6276839999999995,0.06142
7.11,4.13101,3.6203550000000004,0.06142
7.17,4.124304,3.613586,0.061421
7.235,4.117062000000001,3.6062540000000003,0.061417
7.3,4.109788,3.598901,0.061417
7.365,4.102561,3.5915769999999996,0.06141900000000001
7.43,4.09532,3.584235,0.06141799999999999
7.495,4.088068,3.5768910000000003,0.06142
7.56,4.0808290000000005,3.5695639999999997,0.06142
7.625,4.073576999999999,3.562215,0.06141900000000001
7.69,4.0663089999999995,3.5548919999999997,0.061417
7.755,4.059063,3.547557,0.06141900000000001
7.815,4.052376000000001,3.5407839999999995,0.06142
7.88,4.0451239999999995,3.5334470000000002,0.06141900000000001
7.94,4.038423000000001,3.526673,0.061417
8.005,4.0311650000000006,3.519329,0.061417
8.07,4.023932,3.5120120000000004,0.06141799999999999
8.13,4.017247,3.505237,0.061417
8.195,4.009994,3.4979160000000005,0.06141799999999999
8.255,4.003301,3.4911239999999997,0.061417
8.32,3.9960480000000005,3.4837870000000004,0.061421
8.38,3.98936,3.477014,0.061422000000000004
8.445,3.982101,3.469674,0.061417
8.505,3.975431,3.4629269999999996,0.061417
8.57,3.968164,3.4555629999999997,0.061417
8.63,3.961472,3.448807,0.06141799999999999
8.695,3.9542129999999998,3.4414620000000005,0.061415
8.755,3.9475339999999997,3.434711,0.061416
8.82,3.940293,3.427365,0.06141900000000001
8.88,3.9336089999999997,3.4205900000000002,0.061421
8.945,3.9263480000000004,3.413243,0.06141799999999999
9.005,3.9196839999999997,3.406482,0.06142
9.07,3.912407,3.3991260000000003,0.061416
9.13,3.905729,3.3923589999999995,0.06141900000000001
9.195,3.898501,3.385022,0.061421
9.255,3.8917919999999997,3.378251,0.06142
9.32,3.884553,3.3709230000000003,0.06142
9.38,3.877839,3.3641349999999997,0.061417
9.445,3.8705879999999997,3.356815,0.061417
9.505,3.8639099999999997,3.350052,0.06142
9.57,3.856641,3.3427089999999997,0.061413999999999996
9.63,3.8499559999999997,3.335931,0.061421
9.695,3.842712,3.32859,0.06141900000000001
9.755,3.836004,3.321819,0.06141799999999999
9.82,3.828759,3.3145019999999996,0.061417
9.88,3.822054,3.3077160000000005,0.061416
9.945,3.814829,3.300392,0.06141900000000001
10.005,3.808121,3.2935879999999997,0.061416
10.07,3.8008889999999997,3.2862709999999997,0.06141900000000001
10.13,3.794178,3.27947,0.06141799999999999
10.195,3.78694,3.272168,0.06141900000000001
10.255,3.780239,3.265374,0.06142
10.32,3.772991,3.258052,0.061421
10.38,3.766287,3.251267,0.061416
10.445,3.759037,3.243933,0.061417
10.505,3.752362,3.237174,0.061422000000000004
10.57,3.745097,3.2298259999999996,0.061417
10.63,3.7384209999999998,3.223072,0.06141799999999999
10.695,3.731172,3.2157240000000002,0.06141799999999999
10.755,3.7244620000000004,3.2089369999999997,0.06141799999999999
10.82,3.717201,3.201623,0.06142
10.88,3.7105019999999995,3.194859,0.06141900000000001
10.945,3.703262,3.1875459999999998,0.06142
11.005,3.696536,3.18077,0.06142
11.07,3.6893010000000004,3.173457,0.06141799999999999
11.13,3.682583,3.166666,0.061415
11.195,3.6753370000000003,3.159344,0.061417
11.255,3.6686650000000003,3.152578,0.06141900000000001
11.32,3.661403,3.145259,0.061416
11.38,3.6546980000000002,3.1384849999999997,0.061416
11.445,3.647469,3.131145,0.06142
11.505,3.6407769999999995,3.1243849999999997,0.06141900000000001
11.57,3.633525,3.117023,0.061415
11.63,3.626838,3.110256,0.06141799999999999
11.695,3.6196089999999996,3.102937,0.06142
11.755,3.61288,3.096123,0.06141900000000001
11.82,3.6056550000000005,3.08882,0.061421
11.88,3.5989480000000005,3.082009,0.06141900000000001
11.945,3.591706,3.074702,0.06141799999999999
12.005,3.58501,3.067914,0.061417
12.07,3.577786,3.0605759999999997,0.061417
12.13,3.5710889999999997,3.053804,0.061417
12.195,3.5638389999999998,3.046481,0.06142
12.255,3.557151,3.039707,0.061416
12.32,3.5499120000000004,3.032339,0.06141900000000001
12.38,3.543229,3.025591,0.06142
12.445,3.535971,3.018252,0.06141799999999999
12.505,3.529293,3.011473,0.06141900000000001
12.57,3.52205,3.00414,0.06142
12.63,3.5153220000000003,2.997338,0.061415
12.695,3.5081059999999997,2.990023,0.06141799999999999
12.755,3.501407,2.9832400000000003,0.06141900000000001
12.82,3.4941440000000004,2.975891,0.06141900000000001
12.88,3.4874769999999997,2.969122,0.061417
12.945,3.480233,2.961775,0.06141799999999999
13.005,3.473531,2.9549950000000003,0.06141900000000001
13.07,3.4663,2.947669,0.06141799999999999
13.13,3.4596139999999997,2.9408939999999997,0.06142
13.195,3.452375,2.933527,0.06141799999999999
13.255,3.445708,2.926755,0.061423
13.32,3.4384230000000002,2.9193990000000003,0.061417
13.38,3.431744,2.912658,0.06142
13.445,3.424495,2.9052830000000003,0.061416
13.505,3.417815,2.898521,0.061421
13.57,3.4105559999999997,2.891166,0.06141900000000001
13.63,3.4038720000000002,2.8843959999999997,0.061421
13.695,3.3966309999999997,2.877031,0.06141799999999999
13.755,3.389967,2.8702650000000003,0.061422000000000004
13.82,3.382721,2.862907,0.061417
13.88,3.376025,2.856134,0.06141799999999999
13.945,3.368781,2.8487810000000002,0.06141799999999999
14.005,3.362105,2.842014,0.06142
14.07,3.3548440000000004,2.8346869999999997,0.06141799999999999
14.13,3.3481330000000002,2.827906,0.061421
14.195,3.3408849999999997,2.820567,0.06141799999999999
14.255,3.3342,2.813803,0.06141799999999999
14.32,3.3269559999999996,2.806467,0.06141799999999999
14.38,3.3202580000000004,2.799693,0.061417
14.445,3.3129980000000003,2.792341,0.061417
14.505,3.30634,2.785592,0.06142
14.57,3.299075,2.778212,0.061417
14.63,3.2924029999999997,2.771447,0.06141799999999999
14.695,3.2851510000000004,2.764095,0.061416
14.755,3.278456,2.757336,0.061416
14.82,3.27121,2.750005,0.06142
14.88,3.264503,2.743227,0.06141799999999999
14.945,3.25726,2.7358990000000003,0.06141900000000001
15.005,3.2505889999999997,2.729125,0.061416
15.07,3.2433400000000003,2.721778,0.061417
15.13,3.23665,2.715017,0.061422000000000004
15.195,3.2293830000000003,2.7076689999999997,0.061416
15.255,3.2227080000000004,2.700929,0.06142
15.32,3.215464,2.693571,0.061421
15.38,3.208792,2.686803,0.06142
15.445,3.201523,2.6794599999999997,0.061415
15.505,3.194845,2.672683,0.06142
15.57,3.1875970000000002,2.665352,0.061416
15.63,3.1809060000000002,2.658574,0.06142
15.695,3.173643,2.6512279999999997,0.061417
15.755,3.16695,2.6444669999999997,0.061421
15.82,3.1596990000000003,2.637136,0.06141799999999999
15.88,3.1530169999999997,2.6303509999999997,0.061416
15.945,3.145779,2.623009,0.06142
16.01,3.1385400000000003,2.615657,0.06142
16.074999,3.131304,2.608336,0.06141900000000001
16.135,3.124614,2.601546,0.061417
16.199999,3.117378,2.5942220000000002,0.061416
16.26,3.1106599999999998,2.587416,0.061415
16.324999,3.10345,2.580089,0.06142
16.385,3.096737,2.5733099999999998,0.06141900000000001
16.449999,3.0894909999999998,2.565983,0.06141799999999999
16.51,3.082778,2.559201,0.061415
16.574999,3.075546,2.551877,0.061423
16.635,3.068855,2.545097,0.06141799999999999
16.699999,3.061615,2.5377650000000003,0.06141900000000001
16.76,3.054911,2.530989,0.061415
16.824999,3.047674,2.523653,0.061423
16.885,3.040969,2.5168909999999998,0.06141799999999999
16.949999,3.0337099999999997,2.5095419999999997,0.061421
17.01,3.027031,2.502783,0.06141799999999999
17.074999,3.0197529999999997,2.4954419999999997,0.06141799999999999
17.135,3.013074,2.488676,0.06142
17.199999,3.005836,2.481346,0.061421
17.26,2.9991220000000003,2.474565,0.061417
17.324999,2.991882,2.467254,0.06141799999999999
17.385,2.985174,2.460486,0.061417
17.449999,2.9779419999999996,2.4531549999999998,0.061417
17.51,2.971243,2.446405,0.06142
17.574999,2.9639759999999997,2.4390509999999996,0.061417
17.635,2.9572950000000002,2.432285,0.06141799999999999
17.699999,2.950042,2.424936,0.06141799999999999
17.76,2.943365,2.4181779999999997,0.06141900000000001
17.824999,2.936099,2.410827,0.06141900000000001
17.885,2.929417,2.404058,0.06141799999999999
17.949999,2.922173,2.396727,0.06141799999999999
18.01,2.915479,2.389926,0.06142
18.074999,2.908267,2.3826080000000003,0.06141799999999999
18.135,2.901563,2.375814,0.061417
18.199999,2.894331,2.368473,0.061422000000000004
18.26,2.887643,2.361697,0.06141799999999999
18.324999,2.880372,2.354366,0.06141900000000001
18.385,2.8736900000000003,2.347589,0.061421
18.449999,2.866437,2.340252,0.06141799999999999
18.51,2.8597650000000003,2.333475,0.06141900000000001
18.574999,2.852512,2.32614,0.06142
18.635,2.8458200000000002,2.319375,0.06141799999999999
18.699999,2.8385700000000003,2.312036,0.061421
18.76,2.831871,2.30527,0.061417
18.824999,2.82463,2.297933,0.06141799999999999
18.885,2.81797,2.291173,0.061422000000000004
18.949999,2.810695,2.2838220000000002,0.061417
19.01,2.804,2.277043,0.06141799999999999
19.074999,2.796757,2.2697119999999997,0.061417
19.135,2.7900669999999996,2.2629349999999997,0.06142
19.199999,2.782824,2.255615,0.06142
19.26,2.7761310000000003,2.248842,0.061417
19.324999,2.76888,2.241494,0.061417
19.385,2.762207,2.2347259999999998,0.061417
19.449999,2.754959,2.227393,0.06142
19.51,2.7482450000000003,2.220628,0.061415
19.574999,2.7410200000000002,2.213294,0.06142
19.635,2.734316,2.206511,0.061421
19.699999,2.727088,2.199204,0.06142
19.76,2.720385,2.192422,0.06142
19.824999,2.7131279999999998,2.1850810000000003,0.061417
19.885,2.70645,2.1783069999999998,0.061416
19.949999,2.699217,2.170986,0.06141900000000001
20.01,2.69251,2.164189,0.06141799999999999
20.074999,2.6852560000000003,2.156852,0.06141900000000001
20.135,2.6785799999999997,2.15009,0.06142
20.199999,2.671333,2.14276,0.061423
20.26,2.664634,2.135981,0.06142
20.324999,2.65738,2.128629,0.06141799999999999
20.385,2.650715,2.12187,0.06141799999999999
20.449999,2.6434490000000004,2.1145169999999998,0.061415
20.51,2.6367540000000003,2.107723,0.061416
20.574999,2.62952,2.100416,0.06141900000000001
20.635,2.622806,2.09362,0.06141799999999999
20.699999,2.615573,2.086306,0.06141799999999999
20.76,2.608858,2.079524,0.06141799999999999
20.824999,2.6016060000000003,2.0721950000000002,0.06142
20.885,2.594904,2.065426,0.06142
20.949999,2.587647,2.058074,0.06141799999999999
21.01,2.580971,2.051319,0.06142
21.074999,2.573718,2.043977,0.06141799999999999
21.135,2.567025,2.037201,0.06141900000000001
21.199999,2.559771,2.029876,0.061417
21.26,2.553092,2.023115,0.061421
21.324999,2.545821,2.0157599999999998,0.061417
21.385,2.539145,2.0090209999999997,0.06141900000000001
21.449999,2.5318680000000002,2.001655,0.06141799999999999
21.51,2.525207,1.994916,0.06141799999999999
21.574999,2.5179259999999997,1.9875490000000002,0.061417
21.635,2.511257,1.980807,0.06142
21.699999,2.503996,1.973455,0.061413999999999996
21.76,2.497309,1.966695,0.06142
21.824999,2.490059,1.9593639999999999,0.06141799999999999
21.885,2.483361,1.9525849999999998,0.06141799999999999
21.949999,2.4761330000000004,1.9452490000000002,0.061416
22.01,2.469421,1.9384700000000001,0.06142
22.074999,2.462175,1.9311169999999998,0.061417
22.135,2.45549,1.924359,0.06142
22.199999,2.448225,1.917011,0.061416
22.26,2.4415310000000003,1.9102700000000001,0.06141900000000001
22.324999,2.434275,1.90294,0.06142
22.385,2.4275759999999997,1.896153,0.061415
22.449999,2.4203200000000002,1.8888330000000002,0.061417
22.51,2.413647,1.882064,0.06141900000000001
22.574999,2.406425,1.8747189999999998,0.061416
22.635,2.399712,1.8679290000000002,0.061417
22.699999,2.392502,1.860602,0.061421
22.76,2.3858,1.8538189999999999,0.061417
22.824999,2.378541,1.846512,0.061416
22.885,2.37184,1.8397299999999999,0.061417
22.949999,2.364603,1.832385,0.06141799999999999
23.01,2.357924,1.825636,0.06141900000000001
23.074999,2.350658,1.8182770000000001,0.06141900000000001
23.135,2.343968,1.8115130000000002,0.061416
23.199999,2.336712,1.8041599999999998,0.061417
23.26,2.3300349999999996,1.7974169999999998,0.06141900000000001
23.324999,2.322763,1.790071,0.06142
23.385,2.3160819999999998,1.7833189999999999,0.061421
23.449999,2.3088029999999997,1.775975,0.06141900000000001
23.51,2.302121,1.769212,0.061417
23.574999,2.294845,1.7618630000000002,0.061416
23.635,2.288164,1.755111,0.061416
23.699999,2.280926,1.7477770000000001,0.06142
23.76,2.274209,1.740995,0.06141799999999999
23.824999,2.26697,1.7336740000000002,0.06141900000000001
23.885,2.2602450000000003,1.7268830000000002,0.061415
23.949999,2.253011,1.7195630000000002,0.06142
24.01,2.246308,1.7127880000000002,0.061421
24.074999,2.239067,1.705469,0.06142
24.135,2.232376,1.698705,0.06141799999999999
24.199999,2.225108,1.691366,0.061417
24.26,2.2184150000000002,1.68458,0.061417
24.324999,2.211177,1.6772650000000002,0.061417
24.385,2.20447,1.6704830000000002,0.061417
24.449999,2.197229,1.663166,0.06141799999999999
24.51,2.190516,1.6563759999999998,0.061416
24.574999,2.18328,1.6490479999999998,0.061421
24.635,2.176591,1.642264,0.06141900000000001
24.699999,2.169343,1.6349360000000002,0.06141900000000001
24.76,2.162648,1.628172,0.06141900000000001
24.824999,2.155417,1.620827,0.06142
24.885,2.1487130000000003,1.6140370000000002,0.061417
24.949999,2.14148,1.6067360000000002,0.06142
25.01,2.1347650000000002,1.599941,0.06141799999999999
25.074999,2.127541,1.592616,0.06142
25.135,2.120807,1.5858459999999999,0.06142
25.199999,2.113552,1.578511,0.06141799999999999
25.26,2.106849,1.571752,0.06141799999999999
25.324999,2.099569,1.564395,0.061422000000000004
25.385,2.092894,1.557636,0.06142
25.449999,2.085644,1.5503149999999999,0.061417
25.51,2.078941,1.5435530000000002,0.06141799999999999
25.574999,2.071713,1.5362209999999998,0.06141799999999999
25.635,2.065008,1.529414,0.061416
25.699999,2.057772,1.522081,0.06141900000000001
25.76,2.051071,1.515303,0.06141900000000001
25.824999,2.043836,1.507992,0.06142
25.885,2.037117,1.5011940000000001,0.061415
25.949999,2.029877,1.4938790000000002,0.06141799999999999
26.01,2.023167,1.487099,0.06141799999999999
26.074999,2.0159290000000003,1.479778,0.06141900000000001
26.135,2.00922,1.4730159999999999,0.061421
26.199999,2.001976,1.465683,0.06142
26.26,1.9952860000000001,1.458908,0.061416
26.324999,1.98803,1.451562,0.06142
26.385,1.981343,1.444787,0.06141799999999999
26.449999,1.9741,1.437455,0.06141799999999999
26.51,1.967411,1.430668,0.061421
26.574999,1.960166,1.423325,0.06141900000000001
26.635,1.953468,1.4165709999999998,0.061421
26.699999,1.946216,1.409222,0.06141900000000001
26.76,1.9395360000000001,1.402442,0.061421
26.824999,1.9322740000000003,1.3951280000000001,0.061421
26.885,1.925575,1.3883459999999999,0.061417
26.949999,1.9183310000000002,1.381024,0.06141900000000001
27.01,1.911613,1.3742530000000002,0.061417
27.074999,1.904375,1.366925,0.06142
27.135,1.8976830000000002,1.360148,0.061416
27.199999,1.890454,1.3528120000000001,0.06141799999999999
27.26,1.883761,1.346019,0.06141900000000001
27.324999,1.876522,1.3386930000000001,0.06141900000000001
27.385,1.869825,1.331915,0.06141799999999999
27.449999,1.862568,1.324563,0.06141799999999999
27.51,1.8558759999999999,1.317791,0.061417
27.574999,1.8486369999999999,1.3104559999999998,0.061421
27.635,1.8419419999999997,1.30369,0.06141799999999999
27.699999,1.834689,1.296353,0.061421
27.76,1.827969,1.289585,0.06142
27.824999,1.820702,1.282254,0.06141900000000001
27.885,1.814007,1.275488,0.06141799999999999
27.949999,1.8067799999999998,1.26816,0.06142
28.01,1.8000779999999998,1.261369,0.061421
28.074999,1.792818,1.2540360000000002,0.061417
28.135,1.7861349999999998,1.247265,0.061421
28.199999,1.778861,1.239929,0.06141799999999999
28.26,1.7721759999999998,1.233156,0.06141900000000001
28.324999,1.7649279999999998,1.225845,0.06141900000000001
28.385,1.7582119999999999,1.219065,0.06141799999999999
28.449999,1.750964,1.211753,0.06142
28.51,1.744266,1.2049809999999999,0.06142
28.574999,1.7370150000000002,1.19764,0.061417
28.635,1.730309,1.190865,0.061415
28.699999,1.723057,1.1835280000000001,0.06141799999999999
28.76,1.716361,1.1767809999999999,0.06142
28.824999,1.70912,1.169453,0.06141900000000001
28.885,1.7023869999999999,1.1626670000000001,0.061417
28.949999,1.6951450000000001,1.155342,0.06141900000000001
29.01,1.6884549999999998,1.148568,0.06142
29.074999,1.681213,1.141237,0.06141799999999999
29.135,1.67452,1.134459,0.06141799999999999
29.199999,1.6672740000000001,1.127109,0.061416
29.26,1.6605759999999998,1.120328,0.06142
29.324999,1.6533360000000001,1.113017,0.061421
29.385,1.64664,1.106233,0.06141900000000001
29.449999,1.6394080000000002,1.098891,0.061417
29.51,1.632719,1.0921290000000001,0.06142
29.574999,1.6254680000000001,1.0847950000000002,0.06141799999999999
29.635,1.6187639999999999,1.078007,0.06141799999999999
29.699999,1.611523,1.07069,0.06141799999999999
29.76,1.604833,1.063898,0.061417
29.824999,1.597592,1.056574,0.06141900000000001
29.885,1.590876,1.049782,0.061416
29.949999,1.583625,1.042465,0.061413999999999996
30.01,1.576924,1.035699,0.06141900000000001
30.074999,1.5696809999999999,1.028378,0.061417
30.135,1.562966,1.021608,0.06141799999999999
30.199999,1.555717,1.0142790000000002,0.061417
30.26,1.549035,1.0075290000000001,0.061421
30.324999,1.5417530000000002,1.00021,0.06141900000000001
30.385,1.5350629999999998,0.9934360000000001,0.06141799999999999
30.449999,1.527798,0.9861059999999999,0.061417
30.51,1.521094,0.9793360000000001,0.06141799999999999
30.574999,1.513844,0.9720030000000001,0.06141900000000001
30.635,1.507154,0.9652370000000001,0.061421
30.699999,1.499887,0.9579120000000001,0.061417
30.76,1.4932020000000001,0.9511379999999999,0.06142
30.824999,1.485963,0.9438219999999999,0.06142
30.885,1.479248,0.937027,0.061415
30.949999,1.472006,0.929696,0.06141799999999999
31.01,1.465294,0.9229370000000001,0.06142
31.074999,1.458032,0.915602,0.061417
31.135,1.451352,0.908857,0.06141900000000001
31.199999,1.4440790000000001,0.9014850000000001,0.061413999999999996
31.26,1.437408,0.8947350000000001,0.06142
31.324999,1.430159,0.8873850000000001,0.06141799999999999
31.385,1.42346,0.8806280000000001,0.06141900000000001
31.449999,1.4162059999999999,0.8733049999999999,0.061422000000000004
31.51,1.409517,0.866525,0.061417
31.574999,1.402279,0.859189,0.061417
31.635,1.395601,0.8524209999999999,0.061417
31.699999,1.38834,0.845087,0.06141799999999999
31.76,1.3816620000000002,0.838309,0.06142
31.824999,1.374406,0.830968,0.06141900000000001
31.885,1.367721,0.824198,0.061417
31.949999,1.36045,0.816859,0.061416
32.014998999999996,1.353206,0.8095399999999999,0.06142
32.075001,1.3465049999999998,0.8027529999999999,0.06142
32.139998999999996,1.339272,0.7954399999999999,0.06141900000000001
32.200001,1.332554,0.788642,0.06141900000000001
32.264998999999996,1.325317,0.781317,0.06141799999999999
32.325001,1.318624,0.774539,0.061416
32.389998999999996,1.311369,0.767184,0.06141799999999999
32.450001,1.304678,0.760434,0.06141799999999999
32.514998999999996,1.297426,0.753097,0.06142
32.575001,1.290727,0.74632,0.061415
32.639998999999996,1.283488,0.7389859999999999,0.06141799999999999
32.700001,1.276799,0.7322,0.06141799999999999
32.764998999999996,1.269574,0.7248640000000001,0.06141900000000001
32.825001,1.262874,0.718091,0.06142
32.889998999999996,1.2556260000000001,0.7107479999999999,0.061421
32.950001,1.248951,0.7039880000000001,0.06141799999999999
33.014998999999996,1.241686,0.696627,0.061416
33.075001,1.235005,0.689876,0.06141900000000001
33.139998999999996,1.227734,0.6825479999999999,0.061421
33.200001,1.221032,0.675784,0.06142
33.264998999999996,1.213806,0.668471,0.061421
33.325001,1.207076,0.66169,0.061416
33.389998999999996,1.199843,0.654384,0.061421
33.450001,1.193131,0.647591,0.06141799999999999
33.514998999999996,1.1858879999999998,0.640284,0.061425
33.575001,1.179179,0.63351,0.061421
33.639998999999996,1.171925,0.626166,0.061416
33.700001,1.165215,0.619395,0.06141799999999999
33.764998999999996,1.1579700000000002,0.612074,0.06141900000000001
33.825001,1.15124,0.6052930000000001,0.06141799999999999
33.889998999999996,1.144004,0.597969,0.06141799999999999
33.950001,1.137289,0.5912,0.061416
34.014998999999996,1.130072,0.583889,0.061416
34.075001,1.123335,0.57709,0.06141900000000001
34.139998999999996,1.116095,0.569766,0.061417
34.200001,1.1093950000000001,0.563009,0.06141900000000001
34.264998999999996,1.102131,0.555674,0.061416
34.325001,1.095435,0.548895,0.06141900000000001
34.389998999999996,1.088185,0.541588,0.06142
34.450001,1.081475,0.534796,0.06141900000000001
34.514998999999996,1.074214,0.527486,0.06141900000000001
34.575001,1.06752,0.520703,0.06142
34.639998999999996,1.060289,0.5133939999999999,0.06142
34.700001,1.0535729999999999,0.506614,0.06141799999999999
34.764998999999996,1.0463200000000001,0.499274,0.06142
34.825001,1.0396239999999999,0.49251300000000003,0.061421
34.889998999999996,1.032369,0.485184,0.06141900000000001
34.950001,1.025657,0.478416,0.06141799999999999
35.014998999999996,1.018438,0.471095,0.06142
35.075001,1.011719,0.464318,0.06141900000000001
35.139998999999996,1.00447,0.45699399999999996,0.06141900000000001
35.200001,0.997785,0.450212,0.061416
35.264998999999996,0.9905209999999999,0.442878,0.06142
35.325001,0.9838690000000001,0.43612,0.06142
35.389998999999996,0.9765780000000001,0.42876499999999995,0.061417
35.450001,0.969894,0.42199899999999996,0.061416
35.514998999999996,0.9626549999999999,0.41466800000000004,0.06141900000000001
35.575001,0.9559629999999999,0.407895,0.06141900000000001
35.639998999999996,0.9487180000000001,0.400553,0.06141900000000001
35.700001,0.942017,0.393787,0.061417
35.764998999999996,0.934775,0.386448,0.06142
35.825001,0.9280709999999999,0.379686,0.061417
35.889998999999996,0.920798,0.372348,0.06141900000000001
35.950001,0.914108,0.365585,0.061416
36.014998999999996,0.9068450000000001,0.358248,0.061417
36.075001,0.9001520000000001,0.35148,0.06141900000000001
36.139998999999996,0.892912,0.34415500000000004,0.06141900000000001
36.200001,0.886192,0.337382,0.061416
36.264998999999996,0.878958,0.330046,0.06142
36.325001,0.872245,0.323282,0.06141900000000001
36.389998999999996,0.8649969999999999,0.31594,0.06141900000000001
36.450001,0.858292,0.309172,0.06141799999999999
36.514998999999996,0.851038,0.301848,0.06141799999999999
36.575001,0.8443280000000001,0.295079,0.061416
36.639998999999996,0.837073,0.287759,0.06141799999999999
36.700001,0.8303969999999999,0.281001,0.061417
36.764998999999996,0.82314,0.273675,0.06142
36.825001,0.816438,0.266881,0.061416
36.889998999999996,0.809196,0.259544,0.061416
36.950001,0.802489,0.252768,0.061417
37.014998999999996,0.795246,0.24546700000000002,0.06141799999999999
37.075001,0.788538,0.23867199999999997,0.061417
37.139998999999996,0.781315,0.23135,0.06141799999999999
37.200001,0.774617,0.224555,0.061417
37.264998999999996,0.767363,0.217245,0.06142
37.325001,0.760648,0.210486,0.061421
37.389998999999996,0.7533920000000001,0.203148,0.061417
37.450001,0.7467090000000001,0.19636099999999998,0.06142
37.514998999999996,0.739454,0.18902,0.06142
37.575001,0.732743,0.182264,0.061416
37.639998999999996,0.7255050000000001,0.17492,0.06142
37.700001,0.718831,0.16815,0.06142
37.764998999999996,0.711579,0.16080899999999998,0.06141799999999999
37.825001,0.7048810000000001,0.154038,0.06141900000000001
37.889998999999996,0.697635,0.14669400000000002,0.06142
37.950001,0.6909390000000001,0.13991199999999998,0.061416
38.014998999999996,0.68372,0.13259500000000002,0.06142
38.075001,0.6770010000000001,0.125797,0.06141900000000001
38.139998999999996,0.669806,0.11848,0.06141900000000001
38.200001,0.6630739999999999,0.111674,0.06141799999999999
38.264998999999996,0.655832,0.10435699999999999,0.061417
38.325001,0.649127,0.097589,0.06141799999999999
38.389998999999996,0.641868,0.090239,0.06141900000000001
38.450001,0.635204,0.083471,0.06141799999999999
38.514998999999996,0.6279710000000001,0.07613400000000001,0.06142
38.575001,0.621259,0.069345,0.061416
38.639998999999996,0.6140100000000001,0.062024,0.06141900000000001
38.700001,0.607301,0.055265999999999996,0.06141799999999999
38.764998999999996,0.600055,0.047931,0.06141900000000001
38.825001,0.593344,0.041173,0.061416
38.889998999999996,0.586087,0.033836,0.06142
38.950001,0.579411,0.027076,0.06141799999999999
39.014998999999996,0.5721510000000001,0.019722999999999997,0.061417
39.075001,0.565453,0.012955000000000001,0.06141799999999999
39.139998999999996,0.558212,0.005639,0.061422000000000004
39.200001,0.551501,-0.001146,0.06141799999999999
39.264998999999996,0.544283,-0.008476000000000001,0.06141799999999999
39.325001,0.537561,-0.015255000000000001,0.061416
39.389998999999996,0.530308,-0.022583000000000002,0.06141900000000001
39.450001,0.523626,-0.029367,0.06141900000000001
39.514998999999996,0.516369,-0.036701,0.061417
39.575001,0.509681,-0.043470999999999996,0.06142
39.639998999999996,0.502418,-0.050793,0.06141799999999999
39.700001,0.49572200000000005,-0.05756,0.06142
39.764998999999996,0.48847299999999994,-0.064914,0.06142
39.825001,0.481799,-0.071659,0.06141900000000001
39.889998999999996,0.47451499999999996,-0.079024,0.061417
39.950001,0.467862,-0.085757,0.06141900000000001
40.014998999999996,0.460591,-0.09312899999999999,0.061417
40.075001,0.453925,-0.09987599999999999,0.06142
40.139998999999996,0.446668,-0.10724600000000001,0.061417
40.200001,0.44000600000000006,-0.113998,0.06142
40.264998999999996,0.43270600000000004,-0.12136400000000001,0.06141799999999999
40.325001,0.42603,-0.128106,0.06141900000000001
40.389998999999996,0.418764,-0.135439,0.06141799999999999
40.450001,0.412078,-0.142223,0.06142
40.514998999999996,0.404842,-0.149546,0.06141900000000001
40.575001,0.39813899999999997,-0.156345,0.061417
40.639998999999996,0.390886,-0.16368,0.061417
40.700001,0.384209,-0.170453,0.061417
40.764998999999996,0.37696399999999997,-0.177783,0.06142
40.825001,0.370263,-0.184549,0.061417
40.889998999999996,0.363005,-0.191898,0.061417
40.950001,0.356335,-0.19864600000000002,0.06142
41.014998999999996,0.349055,-0.20601599999999998,0.061413999999999996
41.075001,0.342393,-0.21276199999999998,0.061417
41.139998999999996,0.335122,-0.22013600000000003,0.061417
41.200001,0.328449,-0.226883,0.061417
41.264998999999996,0.321196,-0.234217,0.06141900000000001
41.325001,0.314508,-0.240994,0.061421
41.389998999999996,0.307255,-0.24831799999999998,0.061416
41.450001,0.300556,-0.25509699999999996,0.061417
41.514998999999996,0.293306,-0.262418,0.06141799999999999
41.575001,0.286615,-0.26919,0.061417
41.639998999999996,0.279333,-0.276533,0.061415
41.700001,0.272669,-0.283285,0.06142
41.764998999999996,0.265416,-0.290631,0.06141799999999999
41.825001,0.258713,-0.297401,0.061417
41.889998999999996,0.251436,-0.304725,0.06141900000000001
41.950001,0.244746,-0.311486,0.061421
42.014998999999996,0.23748400000000003,-0.318807,0.061416
42.075001,0.230802,-0.325604,0.06141799999999999
42.139998999999996,0.223531,-0.332928,0.061416
42.200001,0.21684099999999998,-0.339681,0.061421
42.264998999999996,0.209567,-0.347021,0.061417
42.325001,0.202901,-0.353758,0.06141900000000001
42.389998999999996,0.195614,-0.361124,0.061417
42.450001,0.188946,-0.36785,0.06141900000000001
42.514998999999996,0.18164,-0.375199,0.061416
42.575001,0.174965,-0.381945,0.061422000000000004
42.639998999999996,0.167694,-0.389309,0.06141900000000001
42.700001,0.161024,-0.39605300000000004,0.06141799999999999
42.764998999999996,0.153766,-0.403401,0.06141900000000001
42.825001,0.147079,-0.41017,0.061416
42.889998999999996,0.13983199999999998,-0.41752399999999995,0.06141799999999999
42.950001,0.13314600000000001,-0.42428299999999997,0.06142
43.014998999999996,0.125894,-0.43163199999999996,0.06141799999999999
43.075001,0.1192,-0.438408,0.06141900000000001
43.139998999999996,0.111945,-0.445747,0.06141900000000001
43.200001,0.10526400000000001,-0.452524,0.06141900000000001
43.264998999999996,0.098023,-0.45986099999999996,0.061416
43.325001,0.09133200000000001,-0.466606,0.061421
43.389998999999996,0.084069,-0.473941,0.06141799999999999
43.450001,0.077375,-0.480702,0.06141799999999999
43.514998999999996,0.070111,-0.48805299999999996,0.06141900000000001
43.575001,0.06344,-0.49479399999999996,0.061421
43.639998999999996,0.056170000000000005,-0.502155,0.061417
43.700001,0.049476,-0.508922,0.06141799999999999
43.764998999999996,0.042201999999999996,-0.51625,0.06141799999999999
43.825001,0.035535000000000004,-0.522999,0.06142
43.889998999999996,0.028275,-0.530345,0.06141900000000001
43.950001,0.021566,-0.537116,0.06142
44.014998999999996,0.014319,-0.5444439999999999,0.061421
44.075001,0.007629,-0.551212,0.061417
44.139998999999996,0.000381,-0.5585359999999999,0.06141900000000001
44.200001,-0.006338,-0.565311,0.06141799999999999
44.264998999999996,-0.013591999999999998,-0.572656,0.06141900000000001
44.325001,-0.020269,-0.579411,0.061421
44.389998999999996,-0.027533,-0.586767,0.061417
44.450001,-0.034212,-0.593528,0.06141900000000001
44.514998999999996,-0.04145,-0.600867,0.06142
44.575001,-0.048148,-0.607651,0.061417
44.639998999999996,-0.055392,-0.614985,0.06141900000000001
44.700001,-0.062083000000000006,-0.621749,0.061417
44.764998999999996,-0.069327,-0.629076,0.06142
44.825001,-0.076044,-0.6358699999999999,0.06141900000000001
44.889998999999996,-0.08327899999999999,-0.643163,0.06142
44.950001,-0.089987,-0.649968,0.061422000000000004
45.014998999999996,-0.097232,-0.657311,0.06142
45.075001,-0.10392799999999999,-0.664067,0.06141799999999999
45.139998999999996,-0.11118399999999999,-0.671395,0.06141799999999999
45.200001,-0.11789000000000001,-0.678163,0.06141900000000001
45.264998999999996,-0.12514,-0.685503,0.06141799999999999
45.325001,-0.13182,-0.692282,0.06141799999999999
45.389998999999996,-0.139073,-0.699616,0.061416
45.450001,-0.145769,-0.706382,0.06141900000000001
45.514998999999996,-0.153031,-0.7137319999999999,0.06141900000000001
45.575001,-0.159726,-0.7205159999999999,0.06141900000000001
45.639998999999996,-0.166961,-0.7278680000000001,0.06141900000000001
45.700001,-0.173653,-0.734654,0.06141900000000001
45.764998999999996,-0.18091400000000002,-0.741989,0.061417
45.825001,-0.187613,-0.748758,0.06141799999999999
45.889998999999996,-0.194875,-0.756111,0.061416
45.950001,-0.201561,-0.762872,0.06141799999999999
46.014998999999996,-0.208808,-0.7702,0.061417
46.075001,-0.21549000000000001,-0.7769739999999999,0.06142
46.139998999999996,-0.22276500000000002,-0.7843,0.06141799999999999
46.200001,-0.22945,-0.7910550000000001,0.06141900000000001
46.264998999999996,-0.23671,-0.798399,0.06142
46.325001,-0.24343,-0.805157,0.06142
46.389998999999996,-0.250684,-0.8124859999999999,0.06141900000000001
46.450001,-0.257383,-0.8192440000000001,0.061421
46.514998999999996,-0.26463600000000004,-0.8265959999999999,0.061416
46.575001,-0.27129899999999996,-0.8333389999999999,0.06141900000000001
46.639998999999996,-0.27858499999999997,-0.840693,0.06141799999999999
46.700001,-0.285296,-0.8474430000000001,0.061417
46.764998999999996,-0.292534,-0.8547739999999999,0.061421
46.825001,-0.299223,-0.861558,0.06141900000000001
46.889998999999996,-0.30647399999999997,-0.8688739999999999,0.061417
46.950001,-0.313184,-0.8756510000000001,0.06141900000000001
47.014998999999996,-0.32042,-0.8829790000000001,0.06141900000000001
47.075001,-0.327137,-0.889753,0.06142
47.139998999999996,-0.334366,-0.8970540000000001,0.06142
47.200001,-0.34107,-0.903852,0.06141799999999999
47.264998999999996,-0.348328,-0.911177,0.06141799999999999
47.325001,-0.355001,-0.9179139999999999,0.06141799999999999
47.389998999999996,-0.362274,-0.925286,0.06141900000000001
47.450001,-0.36895500000000003,-0.932066,0.061416
47.514998999999996,-0.376193,-0.9394,0.06141799999999999
47.575001,-0.382911,-0.946177,0.06141799999999999
47.639998999999996,-0.39014,-0.953484,0.06142
47.700001,-0.396875,-0.960297,0.06141799999999999
47.764998999999996,-0.40410799999999997,-0.967601,0.061421
47.825001,-0.4108,-0.9743709999999999,0.061421
47.889998999999996,-0.41805600000000004,-0.9817239999999999,0.061417
47.950001,-0.42474300000000004,-0.9884799999999999,0.06141799999999999
48.014998999999996,-0.432001,-0.995817,0.06142
48.075001,-0.438691,-1.00258,0.06141799999999999
48.139998999999996,-0.44593599999999994,-1.009909,0.06142
48.200001,-0.452618,-1.0166870000000001,0.061417
48.264998999999996,-0.459872,-1.0240280000000002,0.06142
48.325001,-0.466585,-1.030799,0.06141799999999999
48.389998999999996,-0.47381899999999993,-1.0381200000000002,0.061421
48.450001,-0.48050699999999996,-1.044905,0.06141900000000001
48.514998999999996,-0.48776499999999995,-1.052237,0.061424
48.575001,-0.494453,-1.059009,0.06141799999999999
48.639998999999996,-0.501703,-1.066366,0.06142
48.700001,-0.5083770000000001,-1.07315,0.06141900000000001
48.764998999999996,-0.51564,-1.080486,0.06141799999999999
48.825001,-0.522336,-1.0872389999999998,0.06142
48.889998999999996,-0.5295920000000001,-1.094571,0.06141799999999999
48.950001,-0.536304,-1.101345,0.06141799999999999
49.014998999999996,-0.543542,-1.108666,0.06142
49.075001,-0.5502279999999999,-1.115461,0.06141900000000001
49.139998999999996,-0.55747,-1.122787,0.06141900000000001
49.200001,-0.564164,-1.1295469999999999,0.06141900000000001
49.264998999999996,-0.571443,-1.136886,0.061417
49.325001,-0.578125,-1.143651,0.06141900000000001
49.389998999999996,-0.585394,-1.1509559999999999,0.06142
49.450001,-0.5920979999999999,-1.1577389999999999,0.061417
49.514998999999996,-0.59935,-1.165059,0.061417
49.575001,-0.606033,-1.171834,0.06141900000000001
49.639998999999996,-0.613293,-1.179162,0.06141799999999999
49.700001,-0.6199819999999999,-1.185933,0.06141900000000001
49.764998999999996,-0.62727,-1.193265,0.06142
49.825001,-0.633957,-1.200036,0.06141900000000001
49.889998999999996,-0.641224,-1.207366,0.061417
49.950001,-0.647904,-1.214118,0.06141900000000001
50.014998999999996,-0.6551739999999999,-1.221463,0.061417
50.075001,-0.661867,-1.228236,0.061416
50.139998999999996,-0.669093,-1.235558,0.061422000000000004
50.200001,-0.675783,-1.242328,0.06142
50.264998999999996,-0.6830470000000001,-1.249678,0.06141900000000001
50.325001,-0.689725,-1.2564440000000001,0.06141799999999999
50.389998999999996,-0.696973,-1.2637770000000002,0.06142
50.450001,-0.703693,-1.270551,0.061417
50.514998999999996,-0.710933,-1.277867,0.06141799999999999
50.575001,-0.717622,-1.284638,0.06141900000000001
50.639998999999996,-0.724892,-1.291993,0.06141900000000001
50.700001,-0.731564,-1.29874,0.06142
50.764998999999996,-0.738843,-1.30608,0.06141799999999999
50.825001,-0.745509,-1.312856,0.06142
50.889998999999996,-0.752807,-1.320206,0.061417
50.950001,-0.7594770000000001,-1.3269360000000001,0.061416
51.014998999999996,-0.766753,-1.334273,0.06141799999999999
51.075001,-0.773446,-1.341033,0.06141799999999999
51.139998999999996,-0.780699,-1.348375,0.06141799999999999
51.204997999999996,-0.787946,-1.355713,0.061416
51.264998999999996,-0.794643,-1.362471,0.061417
51.329997999999996,-0.8019109999999999,-1.369789,0.061416
51.389998999999996,-0.808611,-1.376579,0.061417
51.454997999999996,-0.815832,-1.3839,0.06142
51.514998999999996,-0.822548,-1.390676,0.061417
51.579997999999996,-0.829802,-1.3980110000000001,0.06141799999999999
51.639998999999996,-0.836477,-1.404783,0.06141900000000001
51.704997999999996,-0.843728,-1.4121299999999999,0.061416
51.764998999999996,-0.8504280000000001,-1.418915,0.06141900000000001
51.829997999999996,-0.857698,-1.42625,0.06141799999999999
51.889998999999996,-0.864358,-1.432985,0.061421
51.954997999999996,-0.871656,-1.440351,0.06141799999999999
52.014998999999996,-0.8783110000000001,-1.44708,0.061422000000000004
52.079997999999996,-0.885605,-1.4544549999999998,0.06141799999999999
52.139998999999996,-0.892273,-1.461192,0.061421
52.204997999999996,-0.899558,-1.468543,0.061416
52.264998999999996,-0.906241,-1.475285,0.061422000000000004
52.329997999999996,-0.9134950000000001,-1.482623,0.06142
52.389998999999996,-0.920201,-1.489376,0.06141900000000001
52.454997999999996,-0.9274700000000001,-1.496715,0.061416
52.514998999999996,-0.93415,-1.503478,0.06141799999999999
52.579997999999996,-0.94139,-1.510818,0.06141900000000001
52.639998999999996,-0.9480879999999999,-1.517594,0.06142
52.704997999999996,-0.955356,-1.524923,0.06142
52.764998999999996,-0.9620350000000001,-1.531687,0.06141799999999999
52.829997999999996,-0.969297,-1.539031,0.06141900000000001
52.889998999999996,-0.975972,-1.545788,0.061416
52.954997999999996,-0.983238,-1.553129,0.061421
53.014998999999996,-0.989924,-1.5599049999999999,0.06141900000000001
53.079997999999996,-0.99718,-1.567231,0.06141900000000001
53.139998999999996,-1.0038770000000001,-1.574003,0.06141799999999999
53.204997999999996,-1.011131,-1.581338,0.06141900000000001
53.264998999999996,-1.017828,-1.5881120000000002,0.06141900000000001
53.329997999999996,-1.025077,-1.595416,0.06141799999999999
53.389998999999996,-1.031784,-1.602178,0.061416
53.454997999999996,-1.039053,-1.609522,0.061415
53.514998999999996,-1.045735,-1.616285,0.06141799999999999
53.579997999999996,-1.0529700000000002,-1.623635,0.06141799999999999
53.639998999999996,-1.059688,-1.630395,0.061417
53.704997999999996,-1.066936,-1.637722,0.06141799999999999
53.764998999999996,-1.073639,-1.644491,0.06141900000000001
53.829997999999996,-1.080891,-1.6518169999999999,0.061422000000000004
53.889998999999996,-1.087597,-1.6585729999999999,0.061421
53.954997999999996,-1.094868,-1.665907,0.06141799999999999
54.014998999999996,-1.101551,-1.672653,0.06142
54.079997999999996,-1.108808,-1.6799990000000002,0.06141900000000001
54.139998999999996,-1.1154979999999999,-1.686769,0.061416
54.204997999999996,-1.122749,-1.69409,0.061413
54.264998999999996,-1.1294680000000001,-1.7008740000000002,0.06142
54.329997999999996,-1.136693,-1.708203,0.061417
54.389998999999996,-1.1433790000000001,-1.714967,0.06141900000000001
54.454997999999996,-1.150655,-1.722329,0.061416
54.514998999999996,-1.157337,-1.729082,0.06141900000000001
54.579997999999996,-1.1646100000000001,-1.736431,0.061421
54.639998999999996,-1.171286,-1.743169,0.06142
54.704997999999996,-1.178553,-1.750516,0.06142
54.764998999999996,-1.185224,-1.757261,0.061421
54.829997999999996,-1.192505,-1.764603,0.061417
54.889998999999996,-1.199203,-1.771382,0.061417
54.954997999999996,-1.206434,-1.7786959999999998,0.06141900000000001
55.014998999999996,-1.213142,-1.7855,0.06141900000000001
55.079997999999996,-1.220391,-1.7928080000000002,0.06141900000000001
55.139998999999996,-1.227091,-1.799566,0.06141799999999999
55.204997999999996,-1.234353,-1.806913,0.06142
55.264998999999996,-1.241058,-1.813679,0.06141900000000001
55.329997999999996,-1.248286,-1.821009,0.06141799999999999
55.389998999999996,-1.254996,-1.827782,0.06141900000000001
55.454997999999996,-1.262235,-1.835103,0.06141900000000001
55.514998999999996,-1.268951,-1.841894,0.061416
55.579997999999996,-1.276192,-1.849221,0.06141900000000001
55.639998999999996,-1.2828899999999999,-1.855978,0.061417
55.704997999999996,-1.290147,-1.8633119999999999,0.06141900000000001
55.764998999999996,-1.296841,-1.87008,0.06141900000000001
55.829997999999996,-1.304095,-1.877384,0.06141799999999999
55.889998999999996,-1.310813,-1.8841599999999998,0.06141799999999999
55.954997999999996,-1.3180399999999999,-1.891487,0.06142
56.014998999999996,-1.324747,-1.898268,0.06141900000000001
56.079997999999996,-1.332016,-1.9056099999999998,0.06142
56.139998999999996,-1.338702,-1.9123569999999999,0.06141900000000001
56.204997999999996,-1.3459649999999999,-1.919704,0.061416
56.264998999999996,-1.352644,-1.926463,0.06141799999999999
56.329997999999996,-1.359901,-1.9337939999999998,0.06141900000000001
56.389998999999996,-1.366601,-1.9405740000000002,0.06141799999999999
56.454997999999996,-1.373845,-1.9479060000000001,0.06141900000000001
56.514998999999996,-1.380535,-1.9546689999999998,0.06141900000000001
56.579997999999996,-1.387794,-1.9619919999999997,0.06141799999999999
56.639998999999996,-1.3944940000000001,-1.968753,0.06141799999999999
56.704997999999996,-1.401745,-1.976084,0.061417
56.764998999999996,-1.408456,-1.9828580000000002,0.06142
56.829997999999996,-1.415699,-1.9901689999999999,0.06141799999999999
56.889998999999996,-1.422398,-1.99695,0.06141799999999999
56.954997999999996,-1.429664,-2.004296,0.06142
57.014998999999996,-1.436347,-2.011063,0.06142
57.079997999999996,-1.44359,-2.018378,0.06142
57.139998999999996,-1.4503059999999999,-2.025152,0.06141799999999999
57.204997999999996,-1.45756,-2.032484,0.06142
57.264998999999996,-1.464267,-2.039256,0.06141900000000001
57.329997999999996,-1.471516,-2.046573,0.061416
57.389998999999996,-1.478219,-2.053355,0.06141799999999999
57.454997999999996,-1.485463,-2.060683,0.061417
57.514998999999996,-1.4921520000000001,-2.067459,0.061415
57.579997999999996,-1.499398,-2.074793,0.06141799999999999
57.639998999999996,-1.506094,-2.081562,0.061415
57.704997999999996,-1.513336,-2.088912,0.061417
57.764998999999996,-1.520034,-2.0956669999999997,0.061416
57.829997999999996,-1.527295,-2.102994,0.06141900000000001
57.889998999999996,-1.533999,-2.1097509999999997,0.06141799999999999
57.954997999999996,-1.541243,-2.117083,0.06141900000000001
58.014998999999996,-1.5479459999999998,-2.123839,0.06141900000000001
58.079997999999996,-1.55523,-2.131177,0.061417
58.139998999999996,-1.561923,-2.137911,0.06141799999999999
58.204997999999996,-1.569166,-2.14525,0.061417
58.264998999999996,-1.575866,-2.152018,0.061417
58.329997999999996,-1.583121,-2.159355,0.06141799999999999
58.389998999999996,-1.589803,-2.1661349999999997,0.06141900000000001
58.454997999999996,-1.597055,-2.173474,0.061417
58.514998999999996,-1.6037299999999999,-2.180232,0.06141900000000001
58.579997999999996,-1.61099,-2.1875880000000003,0.061421
58.639998999999996,-1.617668,-2.194345,0.06142
58.704997999999996,-1.624918,-2.201673,0.06142
58.764998999999996,-1.631616,-2.208445,0.06141900000000001
58.829997999999996,-1.638887,-2.215784,0.061416
58.889998999999996,-1.6455529999999998,-2.222512,0.061421
58.954997999999996,-1.65283,-2.229883,0.061416
59.014998999999996,-1.6595259999999998,-2.23665,0.06141799999999999
59.079997999999996,-1.6667669999999999,-2.243983,0.06141799999999999
59.139998999999996,-1.6734529999999999,-2.250745,0.06142
59.204997999999996,-1.680711,-2.2580869999999997,0.06141799999999999
59.264998999999996,-1.687411,-2.264843,0.06141799999999999
59.329997999999996,-1.694662,-2.2721709999999997,0.06142
59.389998999999996,-1.701372,-2.2789610000000002,0.06141799999999999
59.454997999999996,-1.708625,-2.286254,0.06141799999999999
59.514998999999996,-1.715326,-2.293029,0.06141799999999999
59.579997999999996,-1.722575,-2.3003720000000003,0.06141900000000001
59.639998999999996,-1.72927,-2.307123,0.06141900000000001
59.704997999999996,-1.736523,-2.314464,0.06141799999999999
59.764998999999996,-1.743205,-2.321242,0.061422000000000004
59.829997999999996,-1.7504540000000002,-2.328562,0.06142
59.889998999999996,-1.757154,-2.335326,0.061416
59.954997999999996,-1.764399,-2.3426549999999997,0.061417
60.014998999999996,-1.7711130000000002,-2.349439,0.06141900000000001
