,tau?,xMax?,yMin?
0,60,8.125,9.5
1,60,11.5625,9.84375
2,60,5.71875,4.6875
3,60,5.375,4.6875
4,60,6.40625,6.40625
5,60,5.03125,4.6875
6,60,5.03125,4.6875
7,60,5.375,4.6875
8,60,5.03125,4.6875
9,60,5.375,4.6875
10,60,5.03125,4.6875
11,60,5.375,4.6875
12,60,5.03125,4.6875
13,60,5.375,9.5
14,60,5.03125,4.6875
15,60,5.03125,4.6875
16,60,5.03125,4.6875
17,60,11.21875,9.84375
18,60,5.375,4.6875
19,60,5.03125,4.6875
20,60,5.375,9.84375
21,60,5.03125,4.6875
22,60,5.375,9.84375
23,60,5.03125,4.6875
24,60,11.21875,4.6875
25,60,5.03125,4.6875
26,60,5.03125,4.6875
27,60,5.03125,4.6875
28,60,10.53125,10.53125
29,60,5.71875,4.6875
30,60,5.375,4.6875
31,60,5.375,4.6875
32,60,5.03125,4.6875
33,60,5.03125,4.6875
34,60,5.71875,4.6875
35,60,5.375,9.15625
36,60,12.59375,4.6875
37,60,5.03125,4.6875
38,60,5.03125,5.03125
39,60,5.03125,4.6875
40,60,5.03125,4.6875
41,60,5.03125,4.6875
42,60,5.03125,4.6875
43,60,5.375,4.6875
44,60,5.03125,4.6875
45,60,5.03125,5.03125
46,60,6.75,5.71875
47,60,5.03125,4.6875
48,60,5.03125,4.6875
49,60,10.53125,10.53125
50,60,11.21875,11.21875
51,60,5.03125,5.03125
52,60,10.875,11.5625
53,60,5.375,10.1875
54,60,9.15625,7.78125
55,60,5.71875,4.6875
56,60,5.03125,4.6875
57,60,5.03125,4.6875
58,60,5.375,9.84375
59,60,5.03125,9.5
60,60,8.46875,7.4375
61,60,5.03125,4.6875
62,60,5.375,4.6875
63,60,5.375,9.84375
64,60,5.03125,5.03125
65,60,5.03125,4.6875
66,60,5.375,4.6875
67,60,5.03125,4.6875
68,60,5.03125,5.03125
69,60,5.03125,4.6875
70,60,5.03125,4.6875
71,60,6.75,7.78125
72,60,5.375,5.375
73,60,10.53125,4.6875
74,60,5.03125,4.6875
75,60,5.375,4.6875
76,60,5.375,4.6875
77,60,11.21875,4.6875
78,60,5.03125,4.6875
79,60,10.53125,4.6875
80,60,5.375,4.6875
81,60,13.96875,6.75
82,60,10.875,11.5625
83,60,5.375,4.6875
84,60,14.3125,6.0625
85,60,5.03125,4.6875
86,60,5.03125,4.6875
87,60,5.375,5.71875
88,60,5.375,4.6875
89,60,9.84375,10.1875
90,60,5.71875,12.59375
91,60,5.375,4.6875
92,60,9.84375,4.6875
93,60,5.375,5.71875
94,60,5.03125,4.6875
95,60,5.03125,4.6875
96,60,5.03125,4.6875
97,60,5.03125,5.03125
98,60,5.03125,5.03125
99,60,11.21875,9.5
100,60,10.875,11.5625
101,60,5.03125,4.6875
102,60,5.03125,4.6875
103,60,10.875,10.1875
104,60,5.375,4.6875
105,60,10.875,9.5
106,60,5.03125,4.6875
107,60,9.84375,9.5
108,60,5.03125,4.6875
109,60,5.375,4.6875
110,60,9.15625,7.78125
111,60,5.71875,4.6875
112,60,5.03125,4.6875
113,60,5.375,5.375
114,60,8.8125,6.40625
115,60,5.375,4.6875
116,60,11.21875,9.84375
117,60,5.03125,4.6875
118,60,12.25,5.375
119,60,10.1875,7.4375
120,60,5.03125,4.6875
121,60,5.03125,4.6875
122,60,5.03125,4.6875
123,60,10.875,10.1875
124,60,5.03125,4.6875
125,60,5.03125,4.6875
126,60,5.03125,4.6875
127,60,7.78125,8.8125
128,60,10.875,11.5625
129,60,5.03125,4.6875
130,60,6.75,4.6875
131,60,5.03125,4.6875
132,60,5.03125,4.6875
133,60,10.875,9.84375
134,60,5.03125,4.6875
135,60,8.8125,4.6875
136,60,5.375,4.6875
137,60,10.1875,4.6875
138,60,5.375,4.6875
139,60,10.1875,4.6875
140,60,5.71875,12.59375
141,60,5.03125,4.6875
142,60,5.03125,4.6875
143,60,5.375,4.6875
144,60,5.375,5.375
145,60,10.875,10.1875
146,60,5.03125,4.6875
147,60,5.375,4.6875
148,60,5.03125,4.6875
149,60,5.375,4.6875
150,60,13.28125,4.6875
151,60,5.71875,4.6875
152,60,5.375,4.6875
153,60,5.03125,4.6875
154,60,11.21875,4.6875
155,60,8.125,4.6875
156,60,5.03125,4.6875
157,60,5.375,4.6875
158,60,5.03125,5.375
159,60,5.03125,4.6875
160,60,5.71875,5.71875
161,60,5.375,4.6875
162,60,13.96875,6.75
163,60,13.625,6.0625
164,60,5.375,4.6875
165,60,5.03125,4.6875
166,60,5.03125,4.6875
167,60,5.03125,4.6875
168,60,11.21875,4.6875
169,60,5.03125,4.6875
170,60,5.03125,9.5
171,60,5.03125,4.6875
172,60,5.03125,4.6875
173,60,10.875,11.5625
174,60,5.375,4.6875
175,60,5.03125,4.6875
176,60,6.40625,5.71875
177,60,5.375,4.6875
178,60,5.03125,4.6875
179,60,5.03125,5.03125
180,60,5.03125,9.5
181,60,12.25,4.6875
182,60,11.21875,9.84375
183,60,5.03125,4.6875
184,60,5.03125,4.6875
185,60,5.03125,4.6875
186,60,11.5625,4.6875
187,60,5.03125,4.6875
188,60,11.21875,4.6875
189,60,12.59375,4.6875
190,60,13.625,6.0625
191,60,5.375,4.6875
192,60,5.375,4.6875
193,60,5.03125,4.6875
194,60,8.125,9.5
195,60,5.03125,4.6875
196,60,10.875,11.5625
197,60,5.375,4.6875
198,60,5.03125,4.6875
199,60,5.375,4.6875
200,60,5.375,4.6875
201,60,5.03125,4.6875
202,60,5.03125,4.6875
203,60,5.03125,4.6875
204,60,5.03125,4.6875
205,60,5.03125,4.6875
206,60,5.71875,4.6875
207,60,5.03125,4.6875
208,60,10.1875,4.6875
209,60,5.03125,4.6875
210,60,5.03125,4.6875
211,60,5.03125,9.84375
212,60,9.5,4.6875
213,60,5.03125,4.6875
214,60,5.03125,4.6875
215,60,5.03125,4.6875
216,60,11.90625,9.5
217,60,5.375,4.6875
218,60,5.71875,4.6875
219,60,5.03125,4.6875
220,60,5.03125,4.6875
221,60,5.03125,4.6875
222,60,5.03125,4.6875
223,60,5.03125,4.6875
224,60,5.03125,5.03125
225,60,11.90625,10.1875
226,60,5.03125,4.6875
227,60,5.375,9.5
228,60,5.375,4.6875
229,60,5.71875,4.6875
230,60,5.375,7.78125
231,60,13.96875,6.75
232,60,5.03125,4.6875
233,60,5.03125,4.6875
234,60,6.75,4.6875
235,60,5.375,4.6875
236,60,5.03125,4.6875
237,60,5.03125,5.03125
238,60,5.03125,4.6875
239,60,5.375,4.6875
240,60,11.21875,10.1875
241,60,5.71875,4.6875
242,60,10.1875,4.6875
243,60,10.875,11.5625
244,60,7.09375,4.6875
245,60,5.03125,4.6875
246,60,10.875,9.84375
247,60,6.40625,6.75
248,60,9.15625,9.15625
249,60,5.03125,4.6875
250,60,5.375,4.6875
251,60,5.375,4.6875
252,60,5.03125,4.6875
253,60,5.03125,4.6875
254,60,5.375,4.6875
255,60,11.21875,9.84375
256,60,5.03125,4.6875
257,60,5.375,4.6875
258,60,13.28125,5.03125
259,60,5.375,9.84375
260,60,9.84375,4.6875
261,60,5.375,4.6875
262,60,5.375,4.6875
263,60,5.375,5.71875
264,60,5.375,4.6875
265,60,5.03125,4.6875
266,60,5.03125,4.6875
267,60,5.03125,4.6875
268,60,5.71875,4.6875
269,60,5.03125,4.6875
270,60,5.375,4.6875
271,60,5.71875,4.6875
272,60,10.53125,10.53125
273,60,12.9375,4.6875
274,60,5.03125,4.6875
275,60,5.71875,4.6875
276,60,5.03125,4.6875
277,60,5.03125,4.6875
278,60,11.21875,4.6875
279,60,5.03125,4.6875
280,60,5.03125,4.6875
281,60,5.375,4.6875
282,60,5.03125,4.6875
283,60,8.46875,7.4375
284,60,5.03125,4.6875
285,60,5.03125,10.1875
286,60,5.03125,4.6875
287,60,5.03125,4.6875
288,60,5.03125,4.6875
289,60,5.375,4.6875
290,60,5.71875,4.6875
291,60,5.375,4.6875
292,60,10.875,10.1875
293,60,5.375,5.375
294,60,5.375,4.6875
295,60,14.3125,5.71875
296,60,5.03125,4.6875
297,60,5.03125,4.6875
298,60,5.375,4.6875
299,60,5.71875,4.6875
300,60,5.375,4.6875
301,60,5.375,4.6875
302,60,5.375,4.6875
303,60,5.375,4.6875
304,60,5.375,4.6875
305,60,11.90625,9.5
306,60,5.03125,4.6875
307,60,5.375,5.03125
308,60,5.03125,4.6875
309,60,5.03125,4.6875
310,60,11.21875,9.84375
311,60,5.375,4.6875
312,60,5.03125,4.6875
313,60,5.71875,4.6875
314,60,5.03125,4.6875
315,60,6.0625,8.125
316,60,5.375,4.6875
317,60,5.03125,4.6875
318,60,10.53125,4.6875
319,60,5.375,4.6875
320,60,5.03125,4.6875
321,60,5.03125,4.6875
322,60,5.03125,4.6875
323,60,5.375,4.6875
324,60,5.03125,5.03125
325,60,5.375,5.71875
326,60,5.375,4.6875
327,60,5.03125,4.6875
328,60,5.03125,4.6875
329,60,5.375,4.6875
330,60,5.03125,4.6875
331,60,5.03125,4.6875
332,60,5.03125,4.6875
333,60,5.375,5.03125
334,60,5.375,4.6875
335,60,5.03125,4.6875
336,60,5.375,10.1875
337,60,5.03125,4.6875
338,60,5.03125,4.6875
339,60,6.0625,5.71875
340,60,5.375,4.6875
341,60,5.03125,4.6875
342,60,10.875,11.5625
343,60,10.875,11.5625
344,60,14.3125,5.03125
345,60,5.375,4.6875
346,60,7.4375,7.09375
347,60,5.03125,4.6875
348,60,13.625,6.0625
349,60,5.375,4.6875
350,60,5.71875,4.6875
351,60,5.375,4.6875
352,60,11.90625,4.6875
353,60,11.21875,4.6875
354,60,11.21875,4.6875
355,60,5.03125,4.6875
356,60,5.375,4.6875
357,60,5.375,5.71875
358,60,10.875,11.5625
359,60,14.3125,4.6875
360,60,5.375,4.6875
361,60,5.03125,4.6875
362,60,5.03125,4.6875
363,60,5.375,10.1875
364,60,5.375,10.53125
365,60,5.375,4.6875
366,60,5.03125,4.6875
367,60,14.3125,5.03125
368,60,5.03125,4.6875
369,60,5.375,4.6875
370,60,5.03125,4.6875
371,60,5.03125,9.5
372,60,5.375,4.6875
373,60,5.03125,4.6875
374,60,5.375,4.6875
375,60,5.375,4.6875
376,60,5.375,4.6875
377,60,5.03125,5.03125
378,60,5.375,4.6875
379,60,5.03125,4.6875
380,60,5.375,8.46875
381,60,5.375,4.6875
382,60,7.09375,6.40625
383,60,5.03125,4.6875
384,60,5.03125,4.6875
385,60,8.46875,7.4375
386,60,5.375,4.6875
387,60,7.78125,10.53125
388,60,5.03125,4.6875
389,60,13.96875,4.6875
390,60,10.53125,10.53125
391,60,10.875,11.5625
392,60,5.375,4.6875
393,60,7.09375,4.6875
394,60,8.46875,7.4375
395,60,5.03125,4.6875
396,60,5.03125,4.6875
397,60,10.1875,9.84375
398,60,5.03125,9.15625
399,60,5.71875,4.6875
400,60,5.03125,4.6875
401,60,11.21875,10.1875
402,60,10.1875,4.6875
403,60,11.5625,9.84375
404,60,5.71875,4.6875
405,60,5.03125,4.6875
406,60,5.03125,11.5625
407,60,5.375,4.6875
408,60,5.03125,4.6875
409,60,5.375,4.6875
410,60,5.03125,4.6875
411,60,5.71875,4.6875
412,60,10.1875,4.6875
413,60,5.71875,4.6875
414,60,13.625,4.6875
415,60,5.375,4.6875
416,60,5.375,4.6875
417,60,5.03125,4.6875
418,60,5.03125,4.6875
419,60,5.03125,9.5
420,60,13.625,4.6875
421,60,6.0625,6.75
422,60,5.03125,4.6875
423,60,5.375,4.6875
424,60,5.03125,4.6875
425,60,5.71875,4.6875
426,60,5.375,4.6875
427,60,5.03125,4.6875
428,60,5.03125,4.6875
429,60,5.03125,4.6875
430,60,13.96875,4.6875
431,60,10.53125,10.53125
432,60,5.03125,4.6875
433,60,5.03125,4.6875
434,60,5.03125,4.6875
435,60,11.90625,9.5
436,60,5.375,5.375
437,60,5.03125,4.6875
438,60,5.03125,4.6875
439,60,5.03125,4.6875
440,60,5.03125,4.6875
441,60,8.125,7.4375
442,60,8.8125,4.6875
443,60,5.03125,4.6875
444,60,5.375,4.6875
445,60,5.03125,4.6875
446,60,5.03125,4.6875
447,60,5.375,9.5
448,60,5.03125,4.6875
449,60,5.375,4.6875
450,60,5.03125,4.6875
451,60,5.03125,4.6875
452,60,5.375,4.6875
453,60,5.03125,4.6875
454,60,10.875,11.5625
455,60,5.03125,10.1875
456,60,11.21875,9.84375
457,60,11.90625,9.5
458,60,5.375,4.6875
459,60,5.375,4.6875
460,60,11.5625,4.6875
461,60,5.03125,4.6875
462,60,12.25,8.8125
463,60,5.375,4.6875
464,60,5.03125,4.6875
465,60,10.875,9.5
466,60,5.375,4.6875
467,60,5.375,4.6875
468,60,5.03125,4.6875
469,60,5.03125,5.71875
470,60,5.03125,5.03125
471,60,9.15625,7.78125
472,60,5.03125,4.6875
473,60,13.625,6.0625
474,60,5.03125,4.6875
475,60,5.375,9.84375
476,60,5.375,4.6875
477,60,5.03125,5.03125
478,60,5.375,4.6875
479,60,5.375,4.6875
480,60,5.375,4.6875
481,60,5.03125,4.6875
482,60,13.96875,6.0625
483,60,5.375,4.6875
484,60,5.375,4.6875
485,60,10.53125,10.53125
486,60,5.03125,9.84375
487,60,5.375,4.6875
488,60,9.15625,7.09375
489,60,5.375,4.6875
490,60,5.375,4.6875
491,60,5.03125,5.71875
492,60,5.375,4.6875
493,60,5.375,4.6875
494,60,11.90625,9.5
495,60,10.53125,10.53125
496,60,10.53125,9.5
497,60,5.03125,4.6875
498,60,5.03125,4.6875
499,60,5.375,4.6875
500,60,5.375,4.6875
501,60,5.03125,4.6875
502,60,5.03125,10.1875
503,60,5.375,4.6875
504,60,5.03125,4.6875
505,60,5.375,4.6875
506,60,5.03125,4.6875
507,60,11.21875,4.6875
508,60,5.03125,4.6875
509,60,5.375,4.6875
510,60,6.0625,7.78125
511,60,5.375,9.84375
512,60,5.71875,4.6875
513,60,5.03125,9.5
514,60,5.375,4.6875
515,60,5.71875,4.6875
516,60,5.375,4.6875
517,60,5.03125,4.6875
518,60,10.53125,8.8125
519,60,5.03125,4.6875
520,60,13.28125,4.6875
521,60,5.03125,4.6875
522,60,5.375,4.6875
523,60,5.71875,4.6875
524,60,6.0625,4.6875
525,60,10.875,10.1875
526,60,5.03125,4.6875
527,60,5.03125,4.6875
528,60,5.03125,4.6875
529,60,5.375,11.5625
530,60,5.03125,4.6875
531,60,10.1875,4.6875
532,60,6.75,4.6875
533,60,5.03125,4.6875
534,60,5.03125,4.6875
535,60,6.0625,7.09375
536,60,11.21875,4.6875
537,60,5.03125,4.6875
538,60,5.71875,4.6875
539,60,5.375,4.6875
540,60,5.375,4.6875
541,60,5.375,4.6875
542,60,5.375,4.6875
543,60,5.03125,4.6875
544,60,5.375,4.6875
545,60,6.40625,4.6875
546,60,5.03125,9.5
547,60,5.03125,4.6875
548,60,5.375,4.6875
549,60,5.375,4.6875
550,60,5.03125,4.6875
551,60,5.03125,4.6875
552,60,5.375,4.6875
553,60,5.03125,4.6875
554,60,5.03125,4.6875
555,60,5.375,4.6875
556,60,9.84375,4.6875
557,60,5.375,4.6875
558,60,5.03125,4.6875
559,60,5.03125,4.6875
560,60,14.3125,5.03125
561,60,5.03125,4.6875
562,60,5.375,4.6875
563,60,11.5625,4.6875
564,60,5.03125,4.6875
565,60,5.375,4.6875
566,60,13.96875,6.0625
567,60,5.03125,4.6875
568,60,5.03125,4.6875
569,60,5.03125,4.6875
570,60,5.03125,4.6875
571,60,5.03125,5.03125
572,60,5.03125,4.6875
573,60,5.375,4.6875
574,60,5.71875,12.9375
575,60,5.71875,4.6875
576,60,5.375,4.6875
577,60,5.03125,4.6875
578,60,5.375,10.1875
579,60,5.375,4.6875
580,60,8.125,9.5
581,60,5.03125,4.6875
582,60,5.03125,4.6875
583,60,5.375,9.84375
584,60,5.03125,4.6875
585,60,5.03125,4.6875
586,60,5.03125,4.6875
587,60,5.03125,4.6875
588,60,5.375,4.6875
589,60,5.03125,5.03125
590,60,5.03125,4.6875
591,60,5.03125,4.6875
592,60,5.375,9.84375
593,60,5.375,4.6875
594,60,5.03125,4.6875
595,60,5.375,4.6875
596,60,5.03125,4.6875
597,60,5.03125,4.6875
598,60,5.03125,4.6875
599,60,5.71875,4.6875
600,60,5.375,4.6875
601,60,6.40625,4.6875
602,60,5.375,9.5
603,60,5.375,4.6875
604,60,6.0625,8.125
605,60,5.71875,4.6875
606,60,5.03125,4.6875
607,60,5.03125,4.6875
608,60,5.375,4.6875
609,60,5.03125,4.6875
610,60,5.375,4.6875
611,60,10.875,11.5625
612,60,12.9375,8.125
613,60,5.375,4.6875
614,60,5.03125,4.6875
615,60,5.03125,4.6875
616,60,5.03125,9.84375
617,60,5.375,4.6875
618,60,5.03125,4.6875
619,60,5.03125,4.6875
620,60,5.03125,4.6875
621,60,5.71875,4.6875
622,60,6.0625,9.15625
623,60,5.375,4.6875
624,60,11.21875,4.6875
625,60,5.03125,4.6875
626,60,5.03125,4.6875
627,60,5.375,10.1875
628,60,5.71875,4.6875
629,60,5.71875,4.6875
630,60,5.375,4.6875
631,60,10.1875,10.53125
632,60,5.375,4.6875
633,60,5.375,4.6875
634,60,5.03125,4.6875
635,60,5.375,4.6875
636,60,5.03125,4.6875
637,60,8.46875,4.6875
638,60,5.03125,4.6875
639,60,5.03125,4.6875
640,60,5.03125,5.03125
641,60,10.53125,4.6875
642,60,5.03125,4.6875
643,60,5.03125,4.6875
644,60,9.84375,9.15625
645,60,9.15625,4.6875
646,60,11.5625,9.84375
647,60,5.03125,4.6875
648,60,5.03125,5.03125
649,60,5.03125,4.6875
650,60,5.375,4.6875
651,60,5.375,4.6875
652,60,6.75,6.0625
653,60,5.03125,4.6875
654,60,6.0625,5.03125
655,60,10.1875,10.53125
656,60,6.0625,4.6875
657,60,6.0625,4.6875
658,60,11.21875,9.84375
659,60,5.03125,4.6875
660,60,13.96875,6.75
661,60,5.375,4.6875
662,60,5.03125,4.6875
663,60,5.03125,9.5
664,60,5.375,5.375
665,60,5.375,4.6875
666,60,5.375,4.6875
667,60,5.03125,4.6875
668,60,5.03125,4.6875
669,60,5.03125,5.03125
670,60,5.03125,4.6875
671,60,11.90625,9.5
672,60,5.375,4.6875
673,60,5.375,4.6875
674,60,13.96875,4.6875
675,60,5.03125,4.6875
676,60,7.78125,4.6875
677,60,5.03125,4.6875
678,60,5.375,9.84375
679,60,10.875,11.5625
680,60,11.5625,7.78125
681,60,5.71875,4.6875
682,60,10.53125,10.53125
683,60,5.03125,4.6875
684,60,5.03125,4.6875
685,60,11.21875,9.84375
686,60,5.03125,5.03125
687,60,5.03125,4.6875
688,60,13.625,6.0625
689,60,5.375,4.6875
690,60,5.375,4.6875
691,60,8.46875,7.4375
692,60,11.21875,9.84375
693,60,5.03125,4.6875
694,60,5.375,4.6875
695,60,10.875,11.5625
696,60,5.03125,4.6875
697,60,12.9375,4.6875
698,60,5.03125,4.6875
699,60,5.03125,4.6875
700,60,5.03125,4.6875
701,60,5.03125,5.03125
702,60,6.75,5.71875
703,60,5.03125,5.03125
704,60,9.5,4.6875
705,60,5.03125,4.6875
706,60,5.03125,4.6875
707,60,5.375,4.6875
708,60,5.03125,4.6875
709,60,5.03125,4.6875
710,60,5.03125,4.6875
711,60,7.4375,8.125
712,60,5.03125,4.6875
713,60,5.375,9.84375
714,60,10.875,5.71875
715,60,9.5,4.6875
716,60,5.03125,4.6875
717,60,5.375,4.6875
718,60,5.03125,4.6875
719,60,5.375,4.6875
720,60,5.375,9.5
721,60,5.375,5.03125
722,60,11.21875,4.6875
723,60,10.875,9.84375
724,60,5.71875,4.6875
725,60,5.03125,4.6875
726,60,5.375,4.6875
727,60,5.03125,4.6875
728,60,5.375,4.6875
729,60,5.71875,4.6875
730,60,5.03125,4.6875
731,60,11.21875,4.6875
732,60,11.21875,10.1875
733,60,5.03125,5.03125
734,60,5.03125,4.6875
735,60,5.375,5.71875
736,60,5.375,10.1875
737,60,5.03125,4.6875
738,60,5.375,4.6875
739,60,5.03125,4.6875
740,60,5.03125,4.6875
741,60,5.375,10.1875
742,60,12.9375,5.71875
743,60,5.375,4.6875
744,60,5.375,4.6875
745,60,5.03125,10.53125
746,60,10.875,10.1875
747,60,5.375,4.6875
748,60,7.09375,5.71875
749,60,14.3125,4.6875
750,60,13.96875,5.71875
751,60,5.03125,5.03125
752,60,5.03125,4.6875
753,60,5.375,4.6875
754,60,5.375,4.6875
755,60,5.71875,4.6875
756,60,5.03125,4.6875
757,60,5.03125,4.6875
758,60,5.03125,4.6875
759,60,5.03125,4.6875
760,60,5.03125,4.6875
761,60,5.03125,4.6875
762,60,5.03125,4.6875
763,60,13.625,4.6875
764,60,11.5625,4.6875
765,60,5.71875,4.6875
766,60,5.03125,4.6875
767,60,6.40625,4.6875
768,60,5.03125,9.5
769,60,5.03125,6.40625
770,60,5.03125,5.03125
771,60,11.21875,9.84375
772,60,5.03125,8.125
773,60,5.03125,5.03125
774,60,5.71875,12.9375
775,60,5.375,4.6875
776,60,5.03125,4.6875
777,60,5.03125,4.6875
778,60,12.59375,4.6875
779,60,5.03125,4.6875
780,60,5.03125,4.6875
781,60,13.96875,5.71875
782,60,11.90625,9.5
783,60,7.09375,4.6875
784,60,5.375,4.6875
785,60,5.03125,4.6875
786,60,5.375,4.6875
787,60,5.375,4.6875
788,60,10.875,11.5625
789,60,5.375,9.84375
790,60,6.0625,4.6875
791,60,5.03125,4.6875
792,60,5.03125,4.6875
793,60,5.03125,4.6875
794,60,5.03125,4.6875
795,60,5.375,4.6875
796,60,5.03125,4.6875
797,60,11.21875,4.6875
798,60,5.03125,4.6875
799,60,6.0625,9.5
800,60,5.03125,4.6875
801,60,5.03125,4.6875
802,60,5.03125,4.6875
803,60,5.03125,4.6875
804,60,5.71875,4.6875
805,60,5.03125,4.6875
806,60,5.03125,5.03125
807,60,10.1875,4.6875
808,60,5.03125,4.6875
809,60,5.375,4.6875
810,60,6.0625,5.375
811,60,13.96875,4.6875
812,60,5.03125,4.6875
813,60,5.375,4.6875
814,60,11.90625,9.5
815,60,5.03125,9.5
816,60,5.375,10.53125
817,60,5.375,4.6875
818,60,5.375,4.6875
819,60,8.8125,4.6875
820,60,5.03125,4.6875
821,60,5.03125,4.6875
822,60,5.03125,4.6875
823,60,5.03125,4.6875
824,60,5.375,4.6875
825,60,5.375,9.15625
826,60,5.03125,4.6875
827,60,5.03125,4.6875
828,60,5.03125,4.6875
829,60,5.375,4.6875
830,60,5.03125,5.03125
831,60,5.71875,4.6875
832,60,5.03125,4.6875
833,60,5.03125,4.6875
834,60,7.4375,4.6875
835,60,10.53125,10.1875
836,60,5.03125,4.6875
837,60,12.9375,8.8125
838,60,5.375,4.6875
839,60,11.5625,9.84375
840,60,5.03125,4.6875
841,60,11.5625,9.5
842,60,5.03125,4.6875
843,60,5.03125,5.03125
844,60,5.03125,4.6875
845,60,5.03125,4.6875
846,60,5.03125,4.6875
847,60,5.03125,4.6875
848,60,5.03125,4.6875
849,60,5.375,4.6875
850,60,5.03125,4.6875
851,60,5.03125,4.6875
852,60,5.03125,4.6875
853,60,5.375,4.6875
854,60,5.375,4.6875
855,60,5.03125,4.6875
856,60,5.375,4.6875
857,60,5.375,4.6875
858,60,5.71875,4.6875
859,60,12.59375,5.71875
860,60,5.71875,4.6875
861,60,5.03125,4.6875
862,60,5.03125,4.6875
863,60,11.5625,4.6875
864,60,5.03125,4.6875
865,60,10.875,11.5625
866,60,5.03125,4.6875
867,60,5.03125,9.84375
868,60,11.21875,9.84375
869,60,5.375,9.5
870,60,5.375,4.6875
871,60,5.375,4.6875
872,60,5.03125,4.6875
873,60,5.375,4.6875
874,60,5.375,10.1875
875,60,11.21875,9.84375
876,60,5.03125,4.6875
877,60,5.03125,4.6875
878,60,5.03125,4.6875
879,60,5.03125,4.6875
880,60,5.03125,4.6875
881,60,5.375,4.6875
882,60,5.375,4.6875
883,60,11.21875,9.84375
884,60,5.375,4.6875
885,60,5.375,4.6875
886,60,5.03125,4.6875
887,60,5.375,4.6875
888,60,5.03125,4.6875
889,60,5.03125,4.6875
890,60,5.375,4.6875
891,60,5.03125,6.0625
892,60,5.03125,4.6875
893,60,5.375,4.6875
894,60,5.71875,4.6875
895,60,5.03125,4.6875
896,60,5.375,9.15625
897,60,5.71875,4.6875
898,60,10.875,10.1875
899,60,5.375,4.6875
900,60,5.03125,4.6875
901,60,5.375,4.6875
902,60,10.1875,4.6875
903,60,5.375,4.6875
904,60,10.875,10.1875
905,60,5.375,9.5
906,60,5.03125,4.6875
907,60,5.71875,4.6875
908,60,5.03125,4.6875
909,60,5.03125,4.6875
910,60,10.875,10.1875
911,60,5.03125,9.5
912,60,5.03125,4.6875
913,60,5.375,4.6875
914,60,5.03125,4.6875
915,60,5.375,4.6875
916,60,5.71875,4.6875
917,60,5.03125,4.6875
918,60,13.28125,4.6875
919,60,5.03125,4.6875
920,60,5.375,4.6875
921,60,5.375,9.15625
922,60,5.03125,4.6875
923,60,5.03125,4.6875
924,60,5.03125,4.6875
925,60,5.03125,4.6875
926,60,5.03125,4.6875
927,60,10.875,11.5625
928,60,14.3125,6.0625
929,60,5.71875,4.6875
930,60,5.375,4.6875
931,60,5.03125,4.6875
932,60,11.21875,9.84375
933,60,5.375,4.6875
934,60,5.03125,4.6875
935,60,5.03125,4.6875
936,60,5.03125,4.6875
937,60,5.03125,4.6875
938,60,5.375,4.6875
939,60,5.03125,4.6875
940,60,10.53125,10.53125
941,60,5.71875,4.6875
942,60,5.03125,4.6875
943,60,5.03125,4.6875
944,60,5.375,9.84375
945,60,5.375,4.6875
946,60,5.03125,4.6875
947,60,5.03125,4.6875
948,60,5.375,4.6875
949,60,11.5625,9.84375
950,60,5.03125,4.6875
951,60,5.03125,4.6875
952,60,10.53125,8.8125
953,60,5.71875,4.6875
954,60,5.03125,4.6875
955,60,5.375,5.03125
956,60,11.21875,9.84375
957,60,13.625,6.0625
958,60,5.03125,4.6875
959,60,11.90625,9.5
960,60,5.375,4.6875
961,60,5.03125,4.6875
962,60,5.375,4.6875
963,60,5.375,4.6875
964,60,5.03125,4.6875
965,60,8.8125,12.25
966,60,5.03125,4.6875
967,60,13.625,6.0625
968,60,5.03125,4.6875
969,60,10.875,10.1875
970,60,7.78125,4.6875
971,60,5.375,4.6875
972,60,8.8125,4.6875
973,60,5.03125,4.6875
974,60,5.03125,4.6875
975,60,5.03125,4.6875
976,60,5.03125,5.03125
977,60,5.03125,4.6875
978,60,5.03125,4.6875
979,60,5.375,4.6875
980,60,9.5,10.1875
981,60,5.71875,4.6875
982,60,5.03125,4.6875
983,60,10.53125,4.6875
984,60,10.875,11.5625
985,60,11.21875,4.6875
986,60,5.03125,4.6875
987,60,5.03125,4.6875
988,60,5.375,4.6875
989,60,5.375,4.6875
990,60,11.21875,4.6875
991,60,5.03125,4.6875
992,60,14.3125,4.6875
993,60,10.875,10.1875
994,60,5.375,4.6875
995,60,5.71875,4.6875
996,60,5.375,4.6875
997,60,5.03125,4.6875
998,60,5.71875,4.6875
999,60,5.03125,4.6875
1000,60,8.8125,6.40625
1001,60,5.71875,4.6875
1002,60,5.375,10.1875
1003,60,11.21875,4.6875
1004,60,5.375,4.6875
1005,60,5.375,4.6875
1006,60,5.03125,4.6875
1007,60,5.03125,4.6875
1008,60,5.375,4.6875
1009,60,5.375,4.6875
1010,60,5.03125,4.6875
1011,60,10.875,11.5625
1012,60,5.03125,4.6875
1013,60,5.03125,4.6875
1014,60,11.21875,4.6875
1015,60,5.03125,4.6875
1016,60,5.03125,4.6875
1017,60,5.375,9.15625
1018,60,5.375,4.6875
1019,60,5.03125,4.6875
1020,60,10.1875,10.1875
1021,60,5.03125,4.6875
1022,60,11.21875,9.84375
1023,60,5.03125,4.6875
1024,60,5.03125,4.6875
1025,60,5.03125,4.6875
1026,60,5.375,5.03125
1027,60,5.375,4.6875
1028,60,5.03125,4.6875
1029,60,5.03125,4.6875
1030,60,5.71875,4.6875
1031,60,5.03125,4.6875
1032,60,7.4375,7.78125
1033,60,5.375,4.6875
1034,60,5.375,4.6875
1035,60,5.375,4.6875
1036,60,5.03125,4.6875
1037,60,5.03125,4.6875
1038,60,5.03125,4.6875
1039,60,5.03125,11.5625
1040,60,5.03125,5.71875
1041,60,5.03125,4.6875
1042,60,5.375,4.6875
1043,60,8.46875,4.6875
1044,60,5.375,4.6875
1045,60,5.375,4.6875
1046,60,8.125,5.03125
1047,60,10.53125,10.1875
1048,60,13.96875,4.6875
1049,60,13.96875,6.75
1050,60,5.03125,4.6875
1051,60,5.375,4.6875
1052,60,5.03125,5.03125
1053,60,10.875,9.84375
1054,60,10.875,11.5625
1055,60,6.40625,8.125
1056,60,5.375,4.6875
1057,60,13.28125,4.6875
1058,60,5.375,4.6875
1059,60,5.03125,4.6875
1060,60,10.53125,9.5
1061,60,5.375,5.71875
1062,60,5.03125,4.6875
1063,60,5.03125,4.6875
1064,60,5.03125,4.6875
1065,60,5.03125,4.6875
1066,60,5.03125,4.6875
1067,60,10.875,9.84375
1068,60,5.03125,10.1875
1069,60,5.03125,4.6875
1070,60,5.71875,4.6875
1071,60,5.71875,5.375
1072,60,5.375,9.15625
1073,60,5.03125,4.6875
1074,60,10.875,11.5625
1075,60,10.875,11.5625
1076,60,5.375,5.375
1077,60,5.03125,4.6875
1078,60,5.03125,4.6875
1079,60,5.03125,4.6875
1080,60,5.03125,4.6875
1081,60,10.875,11.5625
1082,60,5.375,10.1875
1083,60,5.375,4.6875
1084,60,5.03125,4.6875
1085,60,5.375,4.6875
1086,60,5.03125,9.5
1087,60,13.625,6.0625
1088,60,5.375,4.6875
1089,60,13.28125,4.6875
1090,60,11.21875,9.84375
1091,60,10.875,9.84375
1092,60,5.03125,4.6875
1093,60,5.03125,4.6875
1094,60,11.90625,9.5
1095,60,11.21875,9.84375
1096,60,5.03125,4.6875
1097,60,5.03125,4.6875
1098,60,5.03125,4.6875
1099,60,5.375,4.6875
1100,60,5.375,4.6875
1101,60,5.375,4.6875
1102,60,11.21875,9.84375
1103,60,5.71875,4.6875
1104,60,5.375,4.6875
1105,60,8.46875,4.6875
1106,60,5.03125,4.6875
1107,60,5.03125,4.6875
1108,60,5.03125,4.6875
1109,60,5.375,5.375
1110,60,5.375,4.6875
1111,60,11.90625,4.6875
1112,60,5.375,4.6875
1113,60,5.375,4.6875
1114,60,5.03125,4.6875
1115,60,10.1875,9.15625
1116,60,5.03125,4.6875
1117,60,5.03125,4.6875
1118,60,5.03125,4.6875
1119,60,5.03125,4.6875
1120,60,5.03125,10.875
1121,60,5.03125,4.6875
1122,60,5.03125,4.6875
1123,60,5.03125,4.6875
1124,60,5.03125,4.6875
1125,60,5.03125,4.6875
1126,60,5.71875,4.6875
1127,60,5.03125,4.6875
1128,60,5.03125,4.6875
1129,60,5.375,4.6875
1130,60,5.375,4.6875
1131,60,5.03125,4.6875
1132,60,5.03125,4.6875
1133,60,5.03125,4.6875
1134,60,5.03125,4.6875
1135,60,5.03125,4.6875
1136,60,6.75,6.40625
1137,60,5.375,4.6875
1138,60,5.03125,4.6875
1139,60,5.03125,4.6875
1140,60,11.21875,9.84375
1141,60,5.375,4.6875
1142,60,5.03125,4.6875
1143,60,5.03125,4.6875
1144,60,13.28125,5.03125
1145,60,10.875,9.5
1146,60,11.21875,4.6875
1147,60,11.21875,4.6875
1148,60,8.125,9.5
1149,60,5.03125,4.6875
1150,60,5.375,4.6875
1151,60,5.03125,4.6875
1152,60,5.375,5.03125
1153,60,5.03125,4.6875
1154,60,5.71875,4.6875
1155,60,5.71875,4.6875
1156,60,11.5625,10.53125
1157,60,10.53125,10.53125
1158,60,5.375,4.6875
1159,60,5.375,4.6875
1160,60,5.03125,4.6875
1161,60,9.5,4.6875
1162,60,5.375,4.6875
1163,60,5.03125,4.6875
1164,60,5.03125,5.03125
1165,60,7.4375,6.40625
1166,60,11.21875,9.84375
1167,60,12.9375,4.6875
1168,60,5.03125,5.03125
1169,60,5.03125,4.6875
1170,60,5.03125,4.6875
1171,60,10.53125,4.6875
1172,60,5.03125,5.03125
1173,60,5.03125,4.6875
1174,60,5.03125,5.03125
1175,60,5.03125,4.6875
1176,60,5.375,9.15625
1177,60,5.71875,4.6875
1178,60,5.03125,4.6875
1179,60,5.375,4.6875
1180,60,10.875,10.1875
1181,60,10.53125,10.53125
1182,60,10.875,9.84375
1183,60,5.03125,4.6875
1184,60,5.03125,4.6875
1185,60,5.375,4.6875
1186,60,5.03125,4.6875
1187,60,10.875,10.1875
1188,60,5.375,4.6875
1189,60,5.03125,4.6875
1190,60,5.03125,4.6875
1191,60,5.375,9.15625
1192,60,5.03125,4.6875
1193,60,5.375,4.6875
1194,60,5.03125,4.6875
1195,60,5.375,9.84375
1196,60,10.875,10.1875
1197,60,5.375,4.6875
1198,60,5.03125,4.6875
1199,60,5.71875,12.59375
1200,60,5.375,5.375
1201,60,5.375,10.1875
1202,60,5.03125,4.6875
1203,60,5.03125,4.6875
1204,60,5.03125,4.6875
1205,60,6.0625,7.4375
1206,60,5.03125,4.6875
1207,60,5.03125,4.6875
1208,60,5.03125,4.6875
1209,60,5.03125,4.6875
1210,60,5.71875,4.6875
1211,60,11.5625,9.5
1212,60,10.1875,4.6875
1213,60,9.15625,9.15625
1214,60,5.03125,4.6875
1215,60,5.03125,4.6875
1216,60,5.03125,4.6875
1217,60,5.03125,4.6875
1218,60,5.375,4.6875
1219,60,5.03125,4.6875
1220,60,11.5625,9.5
1221,60,5.71875,4.6875
1222,60,14.3125,4.6875
1223,60,5.375,4.6875
1224,60,5.375,4.6875
1225,60,10.53125,8.8125
1226,60,5.375,4.6875
1227,60,5.375,4.6875
1228,60,13.96875,6.75
1229,60,5.375,4.6875
1230,60,5.03125,4.6875
1231,60,9.84375,4.6875
1232,60,9.5,4.6875
1233,60,5.375,5.71875
1234,60,5.03125,4.6875
1235,60,5.71875,4.6875
1236,60,5.71875,4.6875
1237,60,5.03125,4.6875
1238,60,5.03125,4.6875
1239,60,5.03125,4.6875
1240,60,5.03125,4.6875
1241,60,5.71875,6.75
1242,60,5.03125,4.6875
1243,60,5.03125,5.03125
1244,60,5.375,4.6875
1245,60,5.03125,4.6875
1246,60,5.375,4.6875
1247,60,11.21875,4.6875
1248,60,5.375,9.84375
1249,60,5.375,4.6875
1250,60,8.125,7.09375
1251,60,5.03125,4.6875
1252,60,5.03125,4.6875
1253,60,5.03125,4.6875
1254,60,11.21875,10.1875
1255,60,10.875,11.5625
1256,60,5.03125,4.6875
1257,60,5.03125,4.6875
1258,60,5.375,4.6875
1259,60,5.375,4.6875
1260,60,5.03125,4.6875
1261,60,5.03125,4.6875
1262,60,5.375,9.5
1263,60,10.53125,4.6875
1264,60,5.375,10.1875
1265,60,5.375,4.6875
1266,60,5.03125,4.6875
1267,60,11.21875,4.6875
1268,60,5.03125,4.6875
1269,60,5.03125,5.03125
1270,60,13.625,6.0625
1271,60,5.03125,4.6875
1272,60,5.03125,4.6875
1273,60,13.625,6.0625
1274,60,5.03125,4.6875
1275,60,5.03125,4.6875
1276,60,5.03125,4.6875
1277,60,5.375,4.6875
1278,60,13.96875,4.6875
1279,60,5.375,4.6875
1280,60,5.375,4.6875
1281,60,5.03125,4.6875
1282,60,5.03125,4.6875
1283,60,5.375,4.6875
1284,60,10.875,11.5625
1285,60,5.03125,4.6875
1286,60,5.03125,4.6875
1287,60,5.03125,4.6875
1288,60,5.03125,4.6875
1289,60,5.375,4.6875
1290,60,5.375,4.6875
1291,60,5.03125,4.6875
1292,60,5.375,5.375
1293,60,5.03125,4.6875
1294,60,5.375,4.6875
1295,60,10.875,10.1875
1296,60,5.03125,4.6875
1297,60,5.375,4.6875
1298,60,5.375,4.6875
1299,60,5.03125,4.6875
1300,60,12.25,8.8125
1301,60,5.03125,4.6875
1302,60,5.375,4.6875
1303,60,5.375,4.6875
1304,60,5.375,4.6875
1305,60,5.71875,4.6875
1306,60,8.8125,4.6875
1307,60,13.96875,6.0625
1308,60,5.03125,5.03125
1309,60,5.375,9.84375
1310,60,5.71875,4.6875
1311,60,5.03125,4.6875
1312,60,5.03125,4.6875
1313,60,5.375,4.6875
1314,60,5.03125,4.6875
1315,60,5.71875,5.71875
1316,60,5.71875,4.6875
1317,60,5.03125,4.6875
1318,60,5.03125,4.6875
1319,60,6.0625,4.6875
1320,60,10.53125,4.6875
1321,60,5.03125,4.6875
1322,60,5.03125,4.6875
1323,60,5.03125,4.6875
1324,60,5.375,4.6875
1325,60,5.375,9.15625
1326,60,5.03125,4.6875
1327,60,5.03125,4.6875
1328,60,5.375,4.6875
1329,60,5.375,4.6875
1330,60,11.5625,4.6875
1331,60,13.96875,4.6875
1332,60,5.375,4.6875
1333,60,5.03125,4.6875
1334,60,5.71875,4.6875
1335,60,5.03125,4.6875
1336,60,10.875,11.5625
1337,60,5.375,4.6875
1338,60,5.03125,4.6875
1339,60,5.375,4.6875
1340,60,5.03125,4.6875
1341,60,6.0625,4.6875
1342,60,5.03125,4.6875
1343,60,5.375,4.6875
1344,60,5.03125,4.6875
1345,60,5.03125,4.6875
1346,60,10.53125,10.53125
1347,60,10.875,10.1875
1348,60,6.0625,4.6875
1349,60,11.21875,9.84375
1350,60,5.03125,4.6875
1351,60,5.03125,9.5
1352,60,5.03125,5.03125
1353,60,5.03125,4.6875
1354,60,5.375,5.375
1355,60,5.375,4.6875
1356,60,5.03125,4.6875
1357,60,5.375,5.375
1358,60,5.375,4.6875
1359,60,5.71875,4.6875
1360,60,5.71875,4.6875
1361,60,11.21875,4.6875
1362,60,5.03125,11.5625
1363,60,5.375,4.6875
1364,60,5.03125,10.53125
1365,60,5.03125,4.6875
1366,60,5.03125,4.6875
1367,60,5.375,5.03125
1368,60,5.375,9.5
1369,60,5.03125,4.6875
1370,60,5.03125,4.6875
1371,60,5.03125,4.6875
1372,60,5.375,4.6875
1373,60,5.375,4.6875
1374,60,11.90625,9.5
1375,60,5.03125,4.6875
1376,60,5.03125,4.6875
1377,60,11.21875,9.84375
1378,60,5.375,4.6875
1379,60,11.21875,9.84375
1380,60,5.03125,4.6875
1381,60,5.03125,4.6875
1382,60,5.03125,4.6875
1383,60,11.21875,9.84375
1384,60,10.53125,10.53125
1385,60,5.375,4.6875
1386,60,5.03125,4.6875
1387,60,5.03125,4.6875
1388,60,5.03125,4.6875
1389,60,5.03125,4.6875
1390,60,5.375,4.6875
1391,60,6.0625,4.6875
1392,60,5.375,9.84375
1393,60,5.03125,4.6875
1394,60,5.03125,4.6875
1395,60,5.03125,4.6875
1396,60,5.375,4.6875
1397,60,12.9375,4.6875
1398,60,5.03125,4.6875
1399,60,5.375,4.6875
1400,60,5.03125,4.6875
1401,60,5.375,4.6875
1402,60,5.03125,4.6875
1403,60,5.03125,4.6875
1404,60,5.03125,4.6875
1405,60,5.375,4.6875
1406,60,5.375,4.6875
1407,60,5.03125,4.6875
1408,60,5.375,5.375
1409,60,5.03125,4.6875
1410,60,5.375,9.5
1411,60,5.03125,4.6875
1412,60,11.21875,9.84375
1413,60,7.4375,4.6875
1414,60,5.03125,4.6875
1415,60,7.4375,6.40625
1416,60,5.71875,4.6875
1417,60,5.03125,4.6875
1418,60,5.03125,4.6875
1419,60,7.09375,4.6875
1420,60,5.375,4.6875
1421,60,5.03125,4.6875
1422,60,5.375,4.6875
1423,60,6.0625,8.125
1424,60,5.375,9.15625
1425,60,5.375,4.6875
1426,60,5.03125,4.6875
1427,60,5.375,4.6875
1428,60,5.375,9.84375
1429,60,5.375,4.6875
1430,60,10.53125,10.53125
1431,60,5.03125,4.6875
1432,60,9.84375,5.71875
1433,60,8.8125,4.6875
1434,60,5.03125,4.6875
1435,60,7.09375,6.0625
1436,60,5.71875,10.53125
1437,60,5.03125,5.03125
1438,60,5.375,4.6875
1439,60,9.5,4.6875
1440,60,12.25,4.6875
1441,60,5.375,4.6875
1442,60,10.875,10.1875
1443,60,5.03125,4.6875
1444,60,5.375,4.6875
1445,60,5.03125,4.6875
1446,60,5.375,4.6875
1447,60,5.375,9.15625
1448,60,5.03125,4.6875
1449,60,5.03125,4.6875
1450,60,5.375,4.6875
1451,60,5.375,4.6875
1452,60,5.03125,4.6875
1453,60,13.625,6.0625
1454,60,5.03125,4.6875
1455,60,5.375,9.84375
1456,60,5.03125,4.6875
1457,60,5.03125,4.6875
1458,60,5.375,9.84375
1459,60,10.1875,4.6875
1460,60,5.03125,4.6875
1461,60,11.5625,9.5
1462,60,5.03125,4.6875
1463,60,5.375,4.6875
1464,60,5.03125,4.6875
1465,60,8.8125,4.6875
1466,60,5.03125,4.6875
1467,60,5.03125,4.6875
1468,60,6.75,4.6875
1469,60,5.03125,9.5
1470,60,5.03125,4.6875
1471,60,5.03125,4.6875
1472,60,5.03125,4.6875
1473,60,5.71875,4.6875
1474,60,5.03125,4.6875
1475,60,5.03125,4.6875
1476,60,5.03125,4.6875
1477,60,5.375,4.6875
1478,60,5.375,4.6875
1479,60,5.03125,4.6875
1480,60,5.375,5.71875
1481,60,5.375,4.6875
1482,60,10.1875,9.15625
1483,60,11.21875,9.84375
1484,60,5.375,4.6875
1485,60,5.03125,4.6875
1486,60,13.625,4.6875
1487,60,6.40625,8.125
1488,60,9.15625,7.78125
1489,60,5.03125,9.5
1490,60,5.03125,4.6875
1491,60,14.3125,4.6875
1492,60,5.71875,4.6875
1493,60,5.71875,4.6875
1494,60,11.90625,9.5
1495,60,8.125,4.6875
1496,60,11.5625,8.8125
1497,60,11.90625,9.15625
1498,60,5.03125,4.6875
1499,60,10.875,10.1875
1500,60,5.03125,4.6875
1501,60,5.03125,4.6875
1502,60,5.03125,4.6875
1503,60,5.03125,4.6875
1504,60,5.375,4.6875
1505,60,11.21875,9.84375
1506,60,6.0625,5.71875
1507,60,5.03125,4.6875
1508,60,5.375,4.6875
1509,60,5.375,4.6875
1510,60,5.03125,4.6875
1511,60,10.875,11.5625
1512,60,5.375,4.6875
1513,60,9.15625,5.03125
1514,60,5.375,9.84375
1515,60,10.875,11.5625
1516,60,11.90625,9.5
1517,60,5.03125,4.6875
1518,60,5.03125,4.6875
1519,60,5.375,10.53125
1520,60,5.375,4.6875
1521,60,5.375,4.6875
1522,60,5.375,4.6875
1523,60,5.03125,4.6875
1524,60,5.375,4.6875
1525,60,10.53125,4.6875
1526,60,10.1875,4.6875
1527,60,13.96875,4.6875
1528,60,5.03125,4.6875
1529,60,5.03125,4.6875
1530,60,7.4375,6.40625
1531,60,5.375,10.1875
1532,60,5.375,4.6875
1533,60,5.03125,4.6875
1534,60,5.71875,4.6875
1535,60,5.03125,5.03125
1536,60,5.375,4.6875
1537,60,11.21875,9.84375
1538,60,5.03125,4.6875
1539,60,5.375,4.6875
1540,60,5.03125,4.6875
1541,60,5.03125,4.6875
1542,60,5.03125,4.6875
1543,60,5.03125,4.6875
1544,60,5.375,4.6875
1545,60,5.03125,4.6875
1546,60,10.875,11.5625
1547,60,12.59375,4.6875
1548,60,5.375,4.6875
1549,60,5.375,4.6875
1550,60,11.5625,9.84375
1551,60,5.375,5.71875
1552,60,5.03125,4.6875
1553,60,5.375,4.6875
1554,60,5.03125,4.6875
1555,60,5.03125,4.6875
1556,60,5.71875,4.6875
1557,60,5.03125,4.6875
1558,60,5.03125,4.6875
1559,60,5.03125,4.6875
1560,60,9.84375,4.6875
1561,60,5.375,4.6875
1562,60,5.375,4.6875
1563,60,5.03125,4.6875
1564,60,5.03125,4.6875
1565,60,5.375,4.6875
1566,60,5.375,4.6875
1567,60,5.03125,9.5
1568,60,5.375,4.6875
1569,60,5.03125,4.6875
1570,60,5.375,4.6875
1571,60,10.875,11.5625
1572,60,5.03125,4.6875
1573,60,5.375,10.1875
1574,60,12.59375,4.6875
1575,60,5.03125,9.5
1576,60,5.03125,4.6875
1577,60,5.71875,4.6875
1578,60,5.03125,5.03125
1579,60,11.21875,10.1875
1580,60,5.03125,4.6875
1581,60,5.375,10.1875
1582,60,6.0625,4.6875
1583,60,9.5,7.78125
1584,60,11.21875,9.84375
1585,60,5.03125,4.6875
1586,60,5.03125,4.6875
1587,60,5.375,4.6875
1588,60,5.03125,4.6875
1589,60,5.03125,4.6875
1590,60,5.375,4.6875
1591,60,5.375,4.6875
1592,60,5.375,4.6875
1593,60,5.03125,4.6875
1594,60,5.03125,4.6875
1595,60,5.03125,4.6875
1596,60,9.5,10.53125
1597,60,10.53125,10.1875
1598,60,5.03125,4.6875
1599,60,11.21875,11.21875
1600,60,5.03125,4.6875
1601,60,5.71875,4.6875
1602,60,5.03125,4.6875
1603,60,5.375,4.6875
1604,60,5.03125,4.6875
1605,60,5.375,4.6875
1606,60,5.375,4.6875
1607,60,5.03125,4.6875
1608,60,13.96875,6.0625
1609,60,5.71875,4.6875
1610,60,5.375,4.6875
1611,60,5.03125,4.6875
1612,60,5.375,4.6875
1613,60,5.375,4.6875
1614,60,5.375,4.6875
1615,60,5.375,4.6875
1616,60,5.375,4.6875
1617,60,5.375,4.6875
1618,60,5.03125,4.6875
1619,60,5.71875,4.6875
1620,60,5.71875,4.6875
1621,60,5.03125,4.6875
1622,60,5.03125,4.6875
1623,60,5.71875,4.6875
1624,60,9.5,7.78125
1625,60,5.375,4.6875
1626,60,5.375,4.6875
1627,60,10.1875,4.6875
1628,60,5.375,4.6875
1629,60,7.4375,4.6875
1630,60,10.875,10.1875
1631,60,5.03125,4.6875
1632,60,5.03125,4.6875
1633,60,5.03125,4.6875
1634,60,10.53125,10.53125
1635,60,5.375,4.6875
1636,60,5.03125,4.6875
1637,60,5.71875,4.6875
1638,60,5.03125,4.6875
1639,60,5.03125,5.03125
1640,60,5.03125,4.6875
1641,60,10.875,11.5625
1642,60,5.03125,4.6875
1643,60,9.5,5.71875
1644,60,5.03125,5.375
1645,60,5.03125,4.6875
1646,60,10.875,11.5625
1647,60,5.03125,4.6875
1648,60,13.96875,7.09375
1649,60,5.03125,10.53125
1650,60,10.53125,4.6875
1651,60,5.71875,4.6875
1652,60,5.03125,4.6875
1653,60,5.03125,4.6875
1654,60,14.3125,4.6875
1655,60,5.03125,4.6875
1656,60,5.375,4.6875
1657,60,5.03125,4.6875
1658,60,10.875,10.1875
1659,60,5.03125,4.6875
1660,60,5.375,9.5
1661,60,5.375,4.6875
1662,60,5.03125,4.6875
1663,60,7.4375,6.40625
1664,60,5.71875,4.6875
1665,60,5.03125,4.6875
1666,60,5.375,4.6875
1667,60,5.03125,4.6875
1668,60,5.03125,4.6875
1669,60,5.03125,5.03125
1670,60,5.03125,4.6875
1671,60,5.375,4.6875
1672,60,5.03125,4.6875
1673,60,5.03125,4.6875
1674,60,5.03125,4.6875
1675,60,5.03125,4.6875
1676,60,5.375,4.6875
1677,60,5.375,9.84375
1678,60,5.03125,5.03125
1679,60,11.21875,9.84375
1680,60,6.0625,8.8125
1681,60,8.125,9.5
1682,60,5.03125,4.6875
1683,60,5.03125,4.6875
1684,60,5.03125,4.6875
1685,60,11.21875,9.84375
1686,60,9.84375,9.5
1687,60,5.375,4.6875
1688,60,9.15625,9.15625
1689,60,5.375,4.6875
1690,60,5.03125,4.6875
1691,60,5.375,4.6875
1692,60,5.375,10.1875
1693,60,5.375,10.1875
1694,60,6.0625,5.03125
