,Vehicle_ID,Frame_ID,Total_Frames,Global_Time,Local_X,Local_Y,Global_X,Global_Y,v_Length,v_Width,v_Class,v_Vel,v_Acc,Lane_ID,Preceeding,Following,Space_Hdwy,Time_Hdwy
549158,1628,4542,443,1118847433100,27.730999999999998,31.081,6451126.387999999,1873340.6330000001,10.0,7.0,2,40.0,0.0,3,1625,0,45.94,1.15
549159,1628,4543,443,1118847433200,27.71,35.080999999999996,6451129.0770000005,1873337.6709999999,10.0,7.0,2,40.0,0.0,3,1625,0,45.96,1.15
549160,1628,4544,443,1118847433300,27.689,39.08,6451131.765,1873334.71,10.0,7.0,2,40.0,0.0,3,1625,0,45.88,1.15
549161,1628,4545,443,1118847433400,27.669,43.081,6451134.454,1873331.7480000001,10.0,7.0,2,40.0,0.0,3,1625,0,45.64,1.14
549162,1628,4546,443,1118847433500,27.648000000000003,47.081,6451137.142999999,1873328.7859999998,10.0,7.0,2,40.0,0.0,3,1625,0,45.28,1.13
549163,1628,4547,443,1118847433600,27.627,51.081,6451139.831,1873325.825,10.0,7.0,2,40.0,0.0,3,1625,0,45.01,1.13
549164,1628,4548,443,1118847433700,27.607,55.08,6451142.52,1873322.8630000001,10.0,7.0,2,40.0,0.0,3,1625,0,44.88,1.12
549165,1628,4549,443,1118847433800,27.587,59.08,6451145.208,1873319.9009999998,10.0,7.0,2,40.0,0.0,3,1625,0,44.9,1.12
549166,1628,4550,443,1118847433900,27.565,63.08,6451147.897000001,1873316.94,10.0,7.0,2,40.0,0.0,3,1625,0,44.92,1.12
549167,1628,4551,443,1118847434000,27.545,67.08,6451150.586,1873313.9780000001,10.0,7.0,2,40.0,0.0,3,1625,0,44.93,1.12
549168,1628,4552,443,1118847434100,27.525,71.08,6451153.274,1873311.0159999998,10.0,7.0,2,40.0,0.0,3,1625,0,44.92,1.12
549169,1628,4553,443,1118847434200,27.504,75.08,6451155.9629999995,1873308.055,10.0,7.0,2,40.0,0.0,3,1625,0,44.92,1.12
549170,1628,4554,443,1118847434300,27.484,79.08,6451158.651000001,1873305.093,10.0,7.0,2,40.0,0.0,3,1625,0,44.92,1.12
549171,1628,4555,443,1118847434400,27.463,83.10799999999999,6451161.34,1873302.131,10.0,7.0,2,39.74,-4.11,3,1625,0,44.89,1.13
549172,1628,4556,443,1118847434500,27.441999999999997,87.081,6451164.028,1873299.17,10.0,7.0,2,39.15,-7.71,3,1625,0,44.92,1.15
549173,1628,4557,443,1118847434600,27.421999999999997,90.93700000000001,6451166.717,1873296.208,10.0,7.0,2,38.73,-3.71,3,1625,0,45.06,1.16
549174,1628,4558,443,1118847434700,27.445999999999998,94.74799999999999,6451169.406,1873293.246,10.0,7.0,2,38.73,3.68,3,1625,0,45.25,1.17
549175,1628,4559,443,1118847434800,27.494,98.604,6451172.094,1873290.285,10.0,7.0,2,39.15,7.71,3,1625,0,45.4,1.16
549176,1628,4560,443,1118847434900,27.543000000000003,102.57600000000001,6451174.783,1873287.323,10.0,7.0,2,39.74,4.13,3,1625,1639,45.42,1.14
549177,1628,4561,443,1118847435000,27.592,106.604,6451177.471,1873284.361,10.0,7.0,2,40.0,0.0,3,1625,1639,45.4,1.13
549178,1628,4562,443,1118847435100,27.64,110.604,6451180.16,1873281.4,10.0,7.0,2,40.0,0.0,3,1625,1639,45.42,1.14
549179,1628,4563,443,1118847435200,27.689,114.604,6451182.848999999,1873278.438,10.0,7.0,2,40.0,0.0,3,1625,1639,45.4,1.13
549180,1628,4564,443,1118847435300,27.738000000000003,118.603,6451185.5370000005,1873275.476,10.0,7.0,2,40.0,0.0,3,1625,1639,45.26,1.13
549181,1628,4565,443,1118847435400,27.785999999999998,122.603,6451188.226,1873272.515,10.0,7.0,2,40.0,0.0,3,1625,1639,45.09,1.13
549182,1628,4566,443,1118847435500,27.835,126.603,6451190.914,1873269.553,10.0,7.0,2,40.0,0.0,3,1625,1639,44.98,1.12
549183,1628,4567,443,1118847435600,27.884,130.602,6451193.602999999,1873266.591,10.0,7.0,2,40.0,0.0,3,1625,1639,45.01,1.13
549184,1628,4568,443,1118847435700,27.932,134.602,6451196.291,1873263.63,10.0,7.0,2,40.0,0.0,3,1625,1639,45.1,1.13
549185,1628,4569,443,1118847435800,27.980999999999998,138.602,6451198.98,1873260.668,10.0,7.0,2,40.0,0.0,3,1625,1639,45.19,1.13
549186,1628,4570,443,1118847435900,28.03,142.602,6451201.669,1873257.706,10.0,7.0,2,40.0,0.0,3,1625,1639,45.29,1.13
549187,1628,4571,443,1118847436000,28.078000000000003,146.601,6451204.357000001,1873254.745,10.0,7.0,2,40.0,0.0,3,1625,1639,45.39,1.13
549188,1628,4572,443,1118847436100,28.127,150.601,6451207.046,1873251.783,10.0,7.0,2,40.0,0.0,3,1625,1639,45.48,1.14
549189,1628,4573,443,1118847436200,28.176,154.601,6451209.734,1873248.821,10.0,7.0,2,40.0,0.0,3,1625,1639,45.58,1.14
549190,1628,4574,443,1118847436300,28.224,158.624,6451212.4229999995,1873245.86,10.0,7.0,2,39.78,-3.48,3,1625,1639,45.67,1.15
549191,1628,4575,443,1118847436400,28.273000000000003,162.601,6451215.112000001,1873242.898,10.0,7.0,2,39.28,-6.54,3,1625,1639,45.79,1.17
549192,1628,4576,443,1118847436500,28.322,166.479,6451217.8,1873239.936,10.0,7.0,2,38.92,-3.17,3,1625,1639,45.95,1.18
549193,1628,4577,443,1118847436600,28.412,170.31900000000002,6451220.489,1873236.975,10.0,7.0,2,38.92,3.09,3,1625,1639,46.06,1.18
549194,1628,4578,443,1118847436700,28.517,174.196,6451223.177,1873234.013,10.0,7.0,2,39.27,6.51,3,1625,1639,46.07,1.17
549195,1628,4579,443,1118847436800,28.623,178.171,6451225.866,1873231.051,10.0,7.0,2,39.77,3.52,3,1625,1639,46.06,1.16
549196,1628,4580,443,1118847436900,28.726999999999997,182.196,6451228.555,1873228.09,10.0,7.0,2,39.97,-0.3,3,1625,1639,45.9,1.15
549197,1628,4581,443,1118847437000,28.833000000000002,186.19099999999997,6451231.243,1873225.128,10.0,7.0,2,39.95,-0.2,3,1625,1639,45.62,1.14
549198,1628,4582,443,1118847437100,28.932,190.168,6451233.938999999,1873222.168,10.0,7.0,2,40.09,2.37,3,1625,1639,45.22,1.13
549199,1628,4583,443,1118847437200,29.053,194.15599999999998,6451236.587,1873219.225,10.0,7.0,2,40.62,7.68,3,1625,1639,44.96,1.11
549200,1628,4584,443,1118847437300,29.116,198.243,6451239.342,1873216.256,10.0,7.0,2,41.65,11.2,3,1625,1639,44.74,1.07
549201,1628,4585,443,1118847437400,29.160999999999998,202.484,6451242.223999999,1873213.178,10.0,7.0,2,43.07,11.2,3,1625,1639,44.55,1.03
549202,1628,4586,443,1118847437500,29.213,206.858,6451245.228999999,1873209.9640000002,10.0,7.0,2,44.5,11.2,3,1625,1639,44.17,0.99
549203,1628,4587,443,1118847437600,29.243000000000002,211.38099999999997,6451248.357000001,1873206.6509999998,10.0,7.0,2,45.58,8.43,3,1625,1639,43.63,0.96
549204,1628,4588,443,1118847437700,29.183000000000003,216.017,6451251.626,1873203.322,10.0,7.0,2,46.19,3.25,3,1625,1639,42.98,0.93
549205,1628,4589,443,1118847437800,29.123,220.727,6451254.877,1873200.011,10.0,7.0,2,45.91,-7.5,3,1625,1639,42.26,0.92
549206,1628,4590,443,1118847437900,29.064,225.27,6451258.128,1873196.7,10.0,7.0,2,44.68,-11.2,3,1625,1639,41.75,0.93
549207,1628,4591,443,1118847438000,29.004,229.685,6451261.379,1873193.39,10.0,7.0,2,43.6,-10.45,3,1625,1639,41.46,0.95
549208,1628,4592,443,1118847438100,28.956999999999997,233.908,6451264.63,1873190.0790000001,10.0,7.0,2,43.36,4.59,3,1625,1639,41.46,0.96
549209,1628,4593,443,1118847438200,29.078000000000003,238.209,6451267.881,1873186.769,10.0,7.0,2,43.83,11.2,3,1625,1639,41.45,0.95
549210,1628,4594,443,1118847438300,29.221,242.708,6451271.146000001,1873183.414,10.0,7.0,2,44.31,-0.06,3,1625,1639,41.24,0.93
549211,1628,4595,443,1118847438400,29.386999999999997,247.205,6451274.262,1873180.1709999999,10.0,7.0,2,43.69,-11.2,3,1625,1639,41.0,0.94
549212,1628,4596,443,1118847438500,29.535999999999998,251.49400000000003,6451277.248,1873177.0790000001,10.0,7.0,2,42.16,-11.2,3,1625,1639,40.93,0.97
549213,1628,4597,443,1118847438600,29.664,255.648,6451280.112000001,1873174.132,10.0,7.0,2,40.88,-9.9,3,1625,1639,41.03,1.0
549214,1628,4598,443,1118847438700,29.831,259.625,6451282.81,1873171.293,10.0,7.0,2,40.37,-0.49,3,1625,1639,41.32,1.02
549215,1628,4599,443,1118847438800,30.037,263.60900000000004,6451285.532000001,1873168.375,10.0,7.0,2,40.6,6.44,3,1625,1639,41.57,1.02
549216,1628,4600,443,1118847438900,30.23,267.687,6451288.353999999,1873165.379,10.0,7.0,2,41.28,8.0,3,1625,1639,41.61,1.01
549217,1628,4601,443,1118847439000,30.355999999999998,271.877,6451291.262999999,1873162.3930000002,10.0,7.0,2,41.89,4.68,3,1625,1639,41.45,0.99
549218,1628,4602,443,1118847439100,30.449,276.122,6451294.261,1873159.365,10.0,7.0,2,42.09,-0.37,3,1625,1639,41.2,0.98
549219,1628,4603,443,1118847439200,30.451,280.351,6451297.329,1873156.3969999999,10.0,7.0,2,41.93,-3.58,3,1625,1639,40.95,0.98
549220,1628,4604,443,1118847439300,30.383000000000003,284.52,6451300.356000001,1873153.5659999999,10.0,7.0,2,41.7,-2.15,3,1625,1639,40.76,0.98
549221,1628,4605,443,1118847439400,30.284000000000002,288.656,6451303.375,1873150.7859999998,10.0,7.0,2,41.67,1.69,3,1625,1639,40.6,0.97
549222,1628,4606,443,1118847439500,30.219,292.83,6451306.4120000005,1873147.9409999999,10.0,7.0,2,41.75,1.37,3,1625,1639,40.41,0.97
549223,1628,4607,443,1118847439600,30.235,297.05,6451309.459,1873144.975,10.0,7.0,2,41.54,-4.76,3,1625,1639,40.19,0.97
549224,1628,4608,443,1118847439700,30.313000000000002,301.22,6451312.431,1873141.994,10.0,7.0,2,40.73,-11.2,3,1625,1639,40.06,0.98
549225,1628,4609,443,1118847439800,30.328000000000003,305.215,6451315.312000001,1873139.188,10.0,7.0,2,39.36,-11.2,3,1625,1639,40.02,1.02
549226,1628,4610,443,1118847439900,30.326999999999998,309.074,6451318.085,1873136.509,10.0,7.0,2,37.79,-11.2,3,1625,1639,39.94,1.06
549227,1628,4611,443,1118847440000,30.299,312.791,6451320.756,1873133.967,10.0,7.0,2,36.55,-10.27,3,1625,1639,39.93,1.09
549228,1628,4612,443,1118847440100,30.25,316.342,6451323.313999999,1873131.562,10.0,7.0,2,35.95,-2.15,3,1625,1639,40.16,1.12
549229,1628,4613,443,1118847440200,30.228,319.88599999999997,6451325.857000001,1873129.136,10.0,7.0,2,35.95,3.56,3,1625,1639,40.57,1.13
549230,1628,4614,443,1118847440300,30.234,323.499,6451328.467,1873126.604,10.0,7.0,2,36.19,2.74,3,1625,1639,40.95,1.13
549231,1628,4615,443,1118847440400,30.225,327.165,6451331.132999999,1873124.04,10.0,7.0,2,36.21,-2.38,3,1625,1639,41.17,1.14
549232,1628,4616,443,1118847440500,30.230999999999998,330.798,6451333.743,1873121.509,10.0,7.0,2,35.86,-5.61,3,1625,1639,41.38,1.15
549233,1628,4617,443,1118847440600,30.209,334.351,6451336.307,1873119.062,10.0,7.0,2,35.39,-4.46,3,1625,1639,41.71,1.18
549234,1628,4618,443,1118847440700,30.201,337.852,6451338.807999999,1873116.656,10.0,7.0,2,35.05,-2.03,3,1625,1639,42.16,1.2
549235,1628,4619,443,1118847440800,30.191999999999997,341.371,6451341.331,1873114.23,10.0,7.0,2,34.57,-5.89,3,1625,1639,42.64,1.23
549236,1628,4620,443,1118847440900,30.178,344.8,6451343.86,1873111.805,10.0,7.0,2,33.97,-7.07,3,1625,1639,43.23,1.27
549237,1628,4621,443,1118847441000,30.180999999999997,348.088,6451346.339,1873109.405,10.0,7.0,2,34.14,5.6,3,1625,1639,43.94,1.29
549238,1628,4622,443,1118847441100,30.112,351.56199999999995,6451348.982999999,1873106.957,10.0,7.0,2,35.56,11.2,3,1625,1639,44.47,1.25
549239,1628,4623,443,1118847441200,30.139,355.264,6451351.788,1873104.335,10.0,7.0,2,38.1,11.2,3,1625,1639,44.78,1.18
549240,1628,4624,443,1118847441300,30.127,359.19,6451354.7639999995,1873101.6090000002,10.0,7.0,2,40.93,11.2,3,1625,1639,44.86,1.1
549241,1628,4625,443,1118847441400,30.133000000000003,363.351,6451357.909,1873098.7019999998,10.0,7.0,2,42.81,11.2,3,1625,1639,44.63,1.04
549242,1628,4626,443,1118847441500,30.041,367.72900000000004,6451361.227000001,1873095.77,10.0,7.0,2,43.68,4.98,3,1625,1639,44.08,1.01
549243,1628,4627,443,1118847441600,29.935,372.155,6451364.5370000005,1873092.8630000001,10.0,7.0,2,44.01,0.65,3,1625,1639,43.39,0.99
549244,1628,4628,443,1118847441700,29.829,376.565,6451367.847,1873089.957,10.0,7.0,2,44.07,0.1,3,1625,1639,42.7,0.97
549245,1628,4629,443,1118847441800,29.723000000000003,380.98,6451371.156,1873087.051,10.0,7.0,2,43.99,-1.15,3,1625,1639,42.09,0.96
549246,1628,4630,443,1118847441900,29.616999999999997,385.41,6451374.466,1873084.145,10.0,7.0,2,43.53,-6.84,3,1625,1639,41.57,0.95
549247,1628,4631,443,1118847442000,29.546999999999997,389.73800000000006,6451377.779,1873081.187,10.0,7.0,2,42.44,-11.2,3,1625,1639,41.23,0.97
549248,1628,4632,443,1118847442100,29.489,393.88,6451380.908,1873078.3830000001,10.0,7.0,2,40.69,-11.2,3,1625,1639,41.1,1.01
549249,1628,4633,443,1118847442200,29.43,397.841,6451383.859,1873075.743,10.0,7.0,2,38.56,-11.2,3,1625,1639,41.16,1.07
549250,1628,4634,443,1118847442300,29.389,401.615,6451386.6389999995,1873073.237,10.0,7.0,2,36.67,-11.2,3,1625,1639,41.4,1.13
549251,1628,4635,443,1118847442400,29.319000000000003,405.207,6451389.247,1873070.928,10.0,7.0,2,35.47,-8.01,3,1625,1639,41.83,1.18
549252,1628,4636,443,1118847442500,29.399,408.665,6451391.709,1873068.551,10.0,7.0,2,34.95,-1.04,3,1625,1639,42.36,1.21
549253,1628,4637,443,1118847442600,29.480999999999998,412.135,6451394.246,1873066.102,10.0,7.0,2,34.91,1.21,3,1625,1639,42.74,1.22
549254,1628,4638,443,1118847442700,29.555,415.639,6451396.767999999,1873063.676,10.0,7.0,2,35.0,0.26,3,1625,1639,42.95,1.23
549255,1628,4639,443,1118847442800,29.631,419.144,6451399.29,1873061.249,10.0,7.0,2,35.01,-0.23,3,1625,1639,43.02,1.23
549256,1628,4640,443,1118847442900,29.705,422.64099999999996,6451401.812999999,1873058.823,10.0,7.0,2,34.99,0.0,3,1625,1639,43.0,1.23
549257,1628,4641,443,1118847443000,29.78,426.14099999999996,6451404.335,1873056.3969999999,10.0,7.0,2,34.99,0.0,3,1625,1639,42.97,1.23
549258,1628,4642,443,1118847443100,29.855,429.64,6451406.857999999,1873053.97,10.0,7.0,2,34.99,0.0,3,1625,1639,42.95,1.23
549259,1628,4643,443,1118847443200,29.93,433.139,6451409.38,1873051.544,10.0,7.0,2,34.99,0.0,3,1625,1639,42.96,1.23
549260,1628,4644,443,1118847443300,30.005,436.63800000000003,6451411.902000001,1873049.1169999999,10.0,7.0,2,34.99,0.0,3,1625,1639,42.97,1.23
549261,1628,4645,443,1118847443400,30.079,440.13800000000003,6451414.425,1873046.6909999999,10.0,7.0,2,34.99,0.0,3,1625,1639,42.99,1.23
549262,1628,4646,443,1118847443500,30.155,443.63699999999994,6451416.947000001,1873044.264,10.0,7.0,2,34.99,0.0,3,1625,1639,42.97,1.23
549263,1628,4647,443,1118847443600,30.23,447.13599999999997,6451419.469,1873041.8380000002,10.0,7.0,2,34.99,0.0,3,1625,1639,42.85,1.22
549264,1628,4648,443,1118847443700,30.305,450.635,6451421.992000001,1873039.4109999998,10.0,7.0,2,34.99,0.0,3,1625,1639,42.67,1.22
549265,1628,4649,443,1118847443800,30.38,454.134,6451424.5139999995,1873036.985,10.0,7.0,2,34.99,0.0,3,1625,1639,42.52,1.22
549266,1628,4650,443,1118847443900,30.454,457.63300000000004,6451427.036,1873034.5590000001,10.0,7.0,2,34.99,0.0,3,1625,1639,42.47,1.21
549267,1628,4651,443,1118847444000,30.529,461.13199999999995,6451429.558999999,1873032.132,10.0,7.0,2,34.99,0.05,3,1625,1639,42.49,1.21
549268,1628,4652,443,1118847444100,30.604,464.63199999999995,6451432.081,1873029.706,10.0,7.0,2,35.0,0.1,3,1625,1639,42.49,1.21
549269,1628,4653,443,1118847444200,30.679000000000002,468.13300000000004,6451434.603999999,1873027.279,10.0,7.0,2,35.0,-0.07,3,1625,1639,42.49,1.21
549270,1628,4654,443,1118847444300,30.748,471.639,6451437.132999999,1873024.855,10.0,7.0,2,34.94,-0.92,3,1625,1639,42.48,1.22
549271,1628,4655,443,1118847444400,30.843000000000004,475.13800000000003,6451439.645,1873022.41,10.0,7.0,2,34.77,-2.43,3,1625,1639,42.48,1.22
549272,1628,4656,443,1118847444500,30.951999999999998,478.61199999999997,6451442.13,1873019.9719999998,10.0,7.0,2,34.47,-3.77,3,1625,1639,42.5,1.23
549273,1628,4657,443,1118847444600,30.994,482.041,6451444.624,1873017.6169999999,10.0,7.0,2,34.1,-3.85,3,1625,1639,42.57,1.25
549274,1628,4658,443,1118847444700,30.925,485.45099999999996,6451447.154,1873015.378,10.0,7.0,2,33.55,-6.53,3,1625,1639,42.66,1.27
549275,1628,4659,443,1118847444800,30.753,488.781,6451449.735,1873013.2340000002,10.0,7.0,2,32.8,-8.38,3,1625,1639,42.83,1.31
549276,1628,4660,443,1118847444900,30.553,491.99199999999996,6451452.334,1873011.111,10.0,7.0,2,32.33,-3.58,3,1625,1639,43.12,1.33
549277,1628,4661,443,1118847445000,30.405,495.164,6451454.922,1873008.968,10.0,7.0,2,32.33,3.71,3,1625,1639,43.44,1.34
549278,1628,4662,443,1118847445100,30.276999999999997,498.38199999999995,6451457.509,1873006.826,10.0,7.0,2,32.76,7.61,3,1625,1639,43.72,1.33
549279,1628,4663,443,1118847445200,30.149,501.716,6451460.097,1873004.6840000001,10.0,7.0,2,33.33,3.9,3,1625,1639,43.89,1.32
549280,1628,4664,443,1118847445300,30.021,505.10699999999997,6451462.683999999,1873002.542,10.0,7.0,2,33.51,-1.11,3,1625,1639,43.99,1.31
549281,1628,4665,443,1118847445400,29.885,508.46,6451465.29,1873000.394,10.0,7.0,2,33.33,-2.37,3,1625,1639,44.14,1.32
549282,1628,4666,443,1118847445500,29.761,511.787,6451467.846,1872998.274,10.0,7.0,2,33.07,-3.1,3,1625,1639,44.3,1.34
549283,1628,4667,443,1118847445600,29.686,515.0740000000001,6451470.344,1872996.1409999998,10.0,7.0,2,32.81,-2.31,3,1625,1639,44.48,1.36
549284,1628,4668,443,1118847445700,29.673000000000002,518.327,6451472.789,1872993.9719999998,10.0,7.0,2,32.73,0.33,3,1625,1639,44.64,1.36
549285,1628,4669,443,1118847445800,29.744,521.5790000000001,6451475.147999999,1872991.7659999998,10.0,7.0,2,32.94,3.76,3,1625,1639,44.75,1.36
549286,1628,4670,443,1118847445900,29.866,524.873,6451477.52,1872989.4819999998,10.0,7.0,2,33.44,6.59,3,1625,1639,44.79,1.34
549287,1628,4671,443,1118847446000,29.988000000000003,528.247,6451479.958,1872987.138,10.0,7.0,2,34.08,6.74,3,1625,1639,44.78,1.31
549288,1628,4672,443,1118847446100,30.127,531.7040000000001,6451482.438999999,1872984.7319999998,10.0,7.0,2,34.61,4.29,3,1625,1639,44.74,1.29
549289,1628,4673,443,1118847446200,30.256,535.205,6451484.982000001,1872982.285,10.0,7.0,2,34.91,1.57,3,1625,1639,44.7,1.28
549290,1628,4674,443,1118847446300,30.381999999999998,538.716,6451487.505,1872979.8590000002,10.0,7.0,2,35.01,0.0,3,1625,1639,44.68,1.28
549291,1628,4675,443,1118847446400,30.51,542.221,6451490.027000001,1872977.4319999998,10.0,7.0,2,34.99,-0.39,3,1625,1639,44.67,1.28
549292,1628,4676,443,1118847446500,30.641,545.719,6451492.55,1872975.0,10.0,7.0,2,34.94,-0.62,3,1625,1639,44.68,1.28
549293,1628,4677,443,1118847446600,30.769000000000002,549.216,6451495.072000001,1872972.573,10.0,7.0,2,34.83,-1.46,3,1625,1639,44.68,1.28
549294,1628,4678,443,1118847446700,30.875,552.703,6451497.592999999,1872970.176,10.0,7.0,2,34.59,-3.11,3,1625,1639,44.69,1.29
549295,1628,4679,443,1118847446800,30.971,556.158,6451500.116,1872967.791,10.0,7.0,2,34.19,-4.9,3,1625,1639,44.74,1.31
549296,1628,4680,443,1118847446900,31.015,559.555,6451502.628,1872965.486,10.0,7.0,2,33.72,-5.07,3,1625,1639,44.84,1.33
549297,1628,4681,443,1118847447000,30.991999999999997,562.885,6451505.116,1872963.292,10.0,7.0,2,33.39,-2.25,3,1625,1639,45.01,1.35
549298,1628,4682,443,1118847447100,30.949,566.181,6451507.595,1872961.132,10.0,7.0,2,33.41,2.52,3,1625,1639,45.22,1.35
549299,1628,4683,443,1118847447200,30.936999999999998,569.514,6451510.076,1872958.93,10.0,7.0,2,33.77,5.42,3,1625,1639,45.38,1.34
549300,1628,4684,443,1118847447300,30.982,572.93,6451512.587,1872956.624,10.0,7.0,2,34.14,3.19,3,1625,1639,45.47,1.33
549301,1628,4685,443,1118847447400,31.021,576.399,6451515.17,1872954.261,10.0,7.0,2,34.13,-2.89,3,1625,1639,45.5,1.33
549302,1628,4686,443,1118847447500,31.019000000000002,579.836,6451517.751,1872951.956,10.0,7.0,2,33.61,-8.34,3,1625,1639,45.58,1.36
549303,1628,4687,443,1118847447600,30.98,583.1619999999999,6451520.24,1872949.782,10.0,7.0,2,32.8,-8.91,3,1625,1639,45.73,1.39
549304,1628,4688,443,1118847447700,30.894000000000002,586.367,6451522.695,1872947.7019999998,10.0,7.0,2,32.2,-4.02,3,1625,1639,45.94,1.43
549305,1628,4689,443,1118847447800,30.846,589.524,6451525.054,1872945.657,10.0,7.0,2,32.12,2.51,3,1625,1639,46.16,1.44
549306,1628,4690,443,1118847447900,30.776999999999997,592.716,6451527.476,1872943.583,10.0,7.0,2,32.56,7.07,3,1625,1639,46.38,1.42
549307,1628,4691,443,1118847448000,30.728,595.995,6451529.969,1872941.419,10.0,7.0,2,33.31,8.43,3,1625,1639,46.58,1.4
549308,1628,4692,443,1118847448100,30.676,599.377,6451532.52,1872939.207,10.0,7.0,2,34.07,7.02,3,1625,1639,46.71,1.37
549309,1628,4693,443,1118847448200,30.639,602.837,6451535.119,1872936.9330000002,10.0,7.0,2,34.62,4.33,3,1625,1639,46.76,1.35
549310,1628,4694,443,1118847448300,30.584,606.339,6451537.786,1872934.621,10.0,7.0,2,34.92,1.6,3,1625,1639,46.77,1.34
549311,1628,4695,443,1118847448400,30.53,609.852,6451540.431,1872932.3280000002,10.0,7.0,2,35.02,-0.07,3,1625,1639,46.74,1.33
549312,1628,4696,443,1118847448500,30.476,613.356,6451543.075,1872930.0359999998,10.0,7.0,2,35.01,-0.25,3,1625,1639,46.67,1.33
549313,1628,4697,443,1118847448600,30.421999999999997,616.854,6451545.72,1872927.743,10.0,7.0,2,35.0,0.0,3,1625,1639,46.6,1.33
549314,1628,4698,443,1118847448700,30.366999999999997,620.354,6451548.365,1872925.451,10.0,7.0,2,35.0,0.0,3,1625,1639,46.68,1.33
549315,1628,4699,443,1118847448800,30.314,623.869,6451551.009,1872923.158,10.0,7.0,2,34.85,-2.4,3,1625,1639,46.89,1.35
549316,1628,4700,443,1118847448900,30.259,627.3530000000001,6451553.654,1872920.866,10.0,7.0,2,34.5,-4.49,3,1625,1639,47.27,1.37
549317,1628,4701,443,1118847449000,30.205,630.769,6451556.299,1872918.573,10.0,7.0,2,34.26,-2.15,3,1625,1639,47.88,1.4
549318,1628,4702,443,1118847449100,30.163,634.159,6451558.943,1872916.281,10.0,7.0,2,34.26,2.16,3,1625,1639,48.56,1.42
549319,1628,4703,443,1118847449200,30.141,637.5740000000001,6451561.5879999995,1872913.9880000001,10.0,7.0,2,34.5,4.5,3,1625,1639,49.21,1.43
549320,1628,4704,443,1118847449300,30.118000000000002,641.059,6451564.232999999,1872911.696,10.0,7.0,2,34.85,2.41,3,1625,1639,49.77,1.43
549321,1628,4705,443,1118847449400,30.096999999999998,644.575,6451566.877,1872909.4030000002,10.0,7.0,2,35.0,0.0,3,1625,1639,50.33,1.44
549322,1628,4706,443,1118847449500,30.074,648.075,6451569.522000001,1872907.111,10.0,7.0,2,35.0,0.0,3,1625,1639,50.88,1.45
549323,1628,4707,443,1118847449600,30.052,651.576,6451572.167,1872904.8180000002,10.0,7.0,2,34.98,-0.24,3,1625,1639,51.38,1.47
549324,1628,4708,443,1118847449700,30.03,655.072,6451574.811000001,1872902.5259999998,10.0,7.0,2,34.97,-0.08,3,1625,1639,51.73,1.48
549325,1628,4709,443,1118847449800,30.008000000000003,658.558,6451577.456,1872900.233,10.0,7.0,2,35.07,1.59,3,1625,1639,51.97,1.48
549326,1628,4710,443,1118847449900,29.987,662.056,6451580.078,1872897.96,10.0,7.0,2,35.37,4.33,3,1625,1639,52.05,1.47
549327,1628,4711,443,1118847450000,29.948,665.596,6451582.768999999,1872895.649,10.0,7.0,2,35.92,6.94,3,1625,1639,52.02,1.45
549328,1628,4712,443,1118847450100,29.924,669.2130000000001,6451585.507999999,1872893.2759999998,10.0,7.0,2,36.67,8.27,3,1625,1639,51.88,1.41
549329,1628,4713,443,1118847450200,29.899,672.92,6451588.304,1872890.855,10.0,7.0,2,37.5,8.44,3,1625,1639,51.67,1.38
549330,1628,4714,443,1118847450300,29.875999999999998,676.7130000000001,6451591.175,1872888.364,10.0,7.0,2,38.33,8.24,3,1625,1639,51.38,1.34
549331,1628,4715,443,1118847450400,29.853,680.597,6451594.103999999,1872885.824,10.0,7.0,2,39.08,6.91,3,1625,1639,50.98,1.3
549332,1628,4716,443,1118847450500,29.845,684.556,6451597.08,1872883.2219999998,10.0,7.0,2,39.62,4.32,3,1625,1639,50.51,1.27
549333,1628,4717,443,1118847450600,29.819000000000003,688.558,6451600.125,1872880.583,10.0,7.0,2,39.93,1.6,3,1625,1639,50.06,1.25
549334,1628,4718,443,1118847450700,29.794,692.57,6451603.147000001,1872877.9630000002,10.0,7.0,2,40.04,0.18,3,1625,1639,49.72,1.24
549335,1628,4719,443,1118847450800,29.769000000000002,696.578,6451606.17,1872875.343,10.0,7.0,2,40.04,-0.18,3,1625,1639,49.51,1.24
549336,1628,4720,443,1118847450900,29.744,700.59,6451609.192000001,1872872.7230000002,10.0,7.0,2,39.93,-1.59,3,1625,1639,49.42,1.24
549337,1628,4721,443,1118847451000,29.718000000000004,704.592,6451612.237000001,1872870.084,10.0,7.0,2,39.63,-4.31,3,1625,1639,49.42,1.25
549338,1628,4722,443,1118847451100,29.71,708.551,6451615.2129999995,1872867.4819999998,10.0,7.0,2,39.08,-6.93,3,1625,1639,49.47,1.27
549339,1628,4723,443,1118847451200,29.686,712.435,6451618.142000001,1872864.9419999998,10.0,7.0,2,38.33,-8.26,3,1625,1639,49.59,1.29
549340,1628,4724,443,1118847451300,29.664,716.227,6451621.012999999,1872862.451,10.0,7.0,2,37.5,-8.44,3,1625,1639,49.8,1.33
549341,1628,4725,443,1118847451400,29.639,719.934,6451623.808999999,1872860.03,10.0,7.0,2,36.67,-8.24,3,1625,1639,50.1,1.37
549342,1628,4726,443,1118847451500,29.615,723.551,6451626.5479999995,1872857.657,10.0,7.0,2,35.92,-6.92,3,1625,1639,50.48,1.41
549343,1628,4727,443,1118847451600,29.576,727.092,6451629.239,1872855.346,10.0,7.0,2,35.37,-4.34,3,1625,1639,50.89,1.44
549344,1628,4728,443,1118847451700,29.554000000000002,730.591,6451631.8610000005,1872853.073,10.0,7.0,2,35.05,-1.88,3,1625,1639,51.28,1.46
549345,1628,4729,443,1118847451800,29.531999999999996,734.073,6451634.506,1872850.78,10.0,7.0,2,34.94,-0.03,3,1625,1639,51.69,1.48
549346,1628,4730,443,1118847451900,29.51,737.555,6451637.15,1872848.4880000001,10.0,7.0,2,35.04,1.76,3,1625,1639,52.19,1.49
549347,1628,4731,443,1118847452000,29.488000000000003,741.041,6451639.772999999,1872846.215,10.0,7.0,2,35.46,5.94,3,1625,1639,52.82,1.49
549348,1628,4732,443,1118847452100,29.451,744.5939999999999,6451642.459,1872843.906,10.0,7.0,2,36.47,11.2,3,1625,1639,53.48,1.47
549349,1628,4733,443,1118847452200,29.396,748.3539999999999,6451645.215,1872841.56,10.0,7.0,2,38.28,11.2,3,1625,1639,53.97,1.41
549350,1628,4734,443,1118847452300,29.391,752.323,6451648.145,1872838.994,10.0,7.0,2,40.8,11.2,3,1625,1639,54.23,1.33
549351,1628,4735,443,1118847452400,29.383000000000003,756.556,6451651.323,1872836.2140000002,10.0,7.0,2,43.77,11.2,3,1625,1639,54.24,1.24
549352,1628,4736,443,1118847452500,29.369,761.072,6451654.744,1872833.23,10.0,7.0,2,46.68,11.2,3,1625,1639,53.94,1.16
549353,1628,4737,443,1118847452600,29.364,765.837,6451658.387,1872830.0380000002,10.0,7.0,2,49.0,11.2,3,1625,1639,53.36,1.09
549354,1628,4738,443,1118847452700,29.369,770.804,6451662.249,1872826.6409999998,10.0,7.0,2,50.47,9.62,3,1625,1639,52.49,1.04
549355,1628,4739,443,1118847452800,29.323,775.954,6451666.122,1872823.302,10.0,7.0,2,51.12,2.09,3,1625,1639,51.37,1.0
549356,1628,4740,443,1118847452900,29.276,781.0989999999999,6451669.994,1872819.9640000002,10.0,7.0,2,51.21,-0.81,3,1625,1639,50.21,0.98
549357,1628,4741,443,1118847453000,29.229,786.2180000000001,6451673.868,1872816.619,10.0,7.0,2,51.11,-1.18,3,1625,1639,49.07,0.96
549358,1628,4742,443,1118847453100,29.174,791.3510000000001,6451677.739,1872813.2869999998,10.0,7.0,2,50.76,-5.11,3,1625,1639,47.93,0.94
549359,1628,4743,443,1118847453200,29.101999999999997,796.41,6451681.602999999,1872809.9840000002,10.0,7.0,2,49.55,-11.2,3,1625,1639,46.87,0.95
549360,1628,4744,443,1118847453300,29.090999999999998,801.196,6451685.437000001,1872806.626,10.0,7.0,2,47.01,-11.2,3,1625,1639,46.09,0.98
549361,1628,4745,443,1118847453400,29.01,805.665,6451688.955,1872803.639,10.0,7.0,2,43.04,-11.2,3,1625,1639,45.62,1.06
549362,1628,4746,443,1118847453500,28.925,809.711,6451692.079,1872801.004,10.0,7.0,2,38.07,-11.2,3,1625,1639,45.57,1.2
549363,1628,4747,443,1118847453600,28.846,813.2769999999999,6451694.784,1872798.73,10.0,7.0,2,33.07,-11.2,3,1625,1639,46.0,1.39
549364,1628,4748,443,1118847453700,28.771,816.414,6451697.085,1872796.8059999999,10.0,7.0,2,29.03,-11.2,3,1625,1639,46.87,1.61
549365,1628,4749,443,1118847453800,28.624000000000002,819.232,6451699.061000001,1872795.263,10.0,7.0,2,26.44,-11.2,3,1625,1639,48.05,1.82
549366,1628,4750,443,1118847453900,28.578000000000003,821.7689999999999,6451700.966,1872793.649,10.0,7.0,2,25.24,-4.68,3,1625,1639,49.51,1.96
549367,1628,4751,443,1118847454000,28.525,824.2360000000001,6451702.877,1872792.0380000002,10.0,7.0,2,24.92,-0.56,3,1625,1639,51.05,2.05
549368,1628,4752,443,1118847454100,28.441999999999997,826.7080000000001,6451704.807999999,1872790.45,10.0,7.0,2,25.04,2.09,3,1625,1639,52.59,2.1
549369,1628,4753,443,1118847454200,28.42,829.174,6451706.6729999995,1872788.8390000002,10.0,7.0,2,25.7,9.83,3,1625,1639,54.13,2.11
549370,1628,4754,443,1118847454300,28.574,831.83,6451708.448,1872787.073,10.0,7.0,2,27.21,11.2,3,1625,1639,55.42,2.04
549371,1628,4755,443,1118847454400,28.74,834.692,6451710.416,1872785.12,10.0,7.0,2,29.63,11.2,3,1625,1639,56.37,1.9
549372,1628,4756,443,1118847454500,28.916,837.813,6451712.624,1872782.9430000002,10.0,7.0,2,32.65,11.2,3,1625,1639,56.94,1.74
549373,1628,4757,443,1118847454600,29.115,841.221,6451715.065,1872780.531,10.0,7.0,2,35.65,11.2,3,1625,1639,57.1,1.6
549374,1628,4758,443,1118847454700,29.285999999999998,844.8789999999999,6451717.783,1872777.9119999998,10.0,7.0,2,37.98,11.2,3,1625,1639,56.92,1.5
549375,1628,4759,443,1118847454800,29.432,848.7539999999999,6451720.721,1872775.1330000001,10.0,7.0,2,39.37,8.11,3,1625,1639,56.48,1.43
549376,1628,4760,443,1118847454900,29.485,852.784,6451723.692000001,1872772.449,10.0,7.0,2,39.91,1.07,3,1625,1639,55.88,1.4
549377,1628,4761,443,1118847455000,29.419,856.793,6451726.728999999,1872769.866,10.0,7.0,2,39.97,-0.31,3,1625,1639,55.32,1.38
549378,1628,4762,443,1118847455100,29.368000000000002,860.784,6451729.759,1872767.2680000002,10.0,7.0,2,39.96,0.3,3,1625,1639,54.81,1.37
549379,1628,4763,443,1118847455200,29.401,864.7819999999999,6451732.743,1872764.5990000002,10.0,7.0,2,39.99,0.24,3,1625,1639,54.33,1.36
549380,1628,4764,443,1118847455300,29.410999999999998,868.7819999999999,6451735.74,1872761.95,10.0,7.0,2,40.02,0.27,3,1625,1639,53.83,1.34
549381,1628,4765,443,1118847455400,29.42,872.7869999999999,6451738.737000001,1872759.301,10.0,7.0,2,40.03,0.05,3,1625,1639,53.32,1.33
549382,1628,4766,443,1118847455500,29.43,876.804,6451741.734,1872756.6509999998,10.0,7.0,2,39.9,-2.05,3,1625,1639,52.8,1.32
549383,1628,4767,443,1118847455600,29.44,880.811,6451744.753,1872753.9819999998,10.0,7.0,2,39.47,-6.28,3,1625,1639,52.3,1.32
549384,1628,4768,443,1118847455700,29.49,884.7560000000001,6451747.688999999,1872751.333,10.0,7.0,2,38.64,-10.7,3,1625,1639,51.85,1.34
549385,1628,4769,443,1118847455800,29.522,888.564,6451750.539,1872748.784,10.0,7.0,2,37.5,-11.2,3,1625,1639,51.54,1.37
549386,1628,4770,443,1118847455900,29.508000000000003,892.2560000000001,6451753.308999999,1872746.366,10.0,7.0,2,36.36,-10.7,3,1625,1639,51.35,1.41
549387,1628,4771,443,1118847456000,29.476,895.811,6451755.992000001,1872744.0480000002,10.0,7.0,2,35.53,-6.28,3,1625,1639,51.3,1.44
549388,1628,4772,443,1118847456100,29.484,899.314,6451758.592,1872741.75,10.0,7.0,2,35.0,-3.56,3,1625,1639,51.29,1.47
549389,1628,4773,443,1118847456200,29.491999999999997,902.7869999999999,6451761.215,1872739.4319999998,10.0,7.0,2,34.66,-2.74,3,1625,1639,51.32,1.48
549390,1628,4774,443,1118847456300,29.500999999999998,906.23,6451763.837,1872737.114,10.0,7.0,2,34.52,-1.1,3,1625,1639,51.38,1.49
549391,1628,4775,443,1118847456400,29.517,909.6619999999999,6451766.459,1872734.7959999999,10.0,7.0,2,34.53,1.36,3,1625,1639,51.44,1.49
549392,1628,4776,443,1118847456500,29.546,913.11,6451769.082,1872732.4780000001,10.0,7.0,2,34.69,2.83,3,1625,1639,51.49,1.48
549393,1628,4777,443,1118847456600,29.576,916.6,6451771.704,1872730.159,10.0,7.0,2,34.91,1.51,3,1625,1639,51.5,1.48
549394,1628,4778,443,1118847456700,29.605,920.11,6451774.326,1872727.841,10.0,7.0,2,35.0,0.0,3,1625,1639,51.52,1.47
549395,1628,4779,443,1118847456800,29.634,923.61,6451776.949,1872725.523,10.0,7.0,2,35.0,0.0,3,1625,1639,51.57,1.47
549396,1628,4780,443,1118847456900,29.663,927.11,6451779.571,1872723.205,10.0,7.0,2,35.0,0.0,3,1625,1639,51.64,1.48
549397,1628,4781,443,1118847457000,29.693,930.61,6451782.193,1872720.8869999999,10.0,7.0,2,35.0,0.0,3,1625,1639,51.72,1.48
549398,1628,4782,443,1118847457100,29.721,934.1089999999999,6451784.816000001,1872718.5690000001,10.0,7.0,2,35.0,0.0,3,1625,1639,51.78,1.48
549399,1628,4783,443,1118847457200,29.75,937.6089999999999,6451787.437999999,1872716.251,10.0,7.0,2,35.0,0.0,3,1625,1639,51.86,1.48
549400,1628,4784,443,1118847457300,29.78,941.1089999999999,6451790.06,1872713.9330000002,10.0,7.0,2,35.0,0.0,3,1625,1639,51.97,1.48
549401,1628,4785,443,1118847457400,29.808000000000003,944.6089999999999,6451792.682999999,1872711.615,10.0,7.0,2,35.0,0.0,3,1625,1639,52.14,1.49
549402,1628,4786,443,1118847457500,29.837,948.1089999999999,6451795.305,1872709.2969999998,10.0,7.0,2,35.0,0.0,3,1625,1639,52.39,1.5
549403,1628,4787,443,1118847457600,29.866999999999997,951.61,6451797.927,1872706.979,10.0,7.0,2,34.98,-0.26,3,1625,1639,52.71,1.51
549404,1628,4788,443,1118847457700,29.895,955.105,6451800.55,1872704.6609999998,10.0,7.0,2,34.97,-0.04,3,1625,1639,53.11,1.52
549405,1628,4789,443,1118847457800,29.925,958.59,6451803.172,1872702.343,10.0,7.0,2,35.09,1.91,3,1625,1639,53.53,1.53
549406,1628,4790,443,1118847457900,29.953000000000003,962.09,6451805.772000001,1872700.045,10.0,7.0,2,35.44,4.98,3,1625,1639,53.85,1.52
549407,1628,4791,443,1118847458000,29.96,965.643,6451808.448,1872697.71,10.0,7.0,2,36.02,7.16,3,1625,1627,54.02,1.5
549408,1628,4792,443,1118847458100,29.99,969.2860000000001,6451811.182999999,1872695.292,10.0,7.0,2,36.65,6.09,3,1625,1627,54.11,1.48
549409,1628,4793,443,1118847458200,30.021,973.008,6451813.969,1872692.83,10.0,7.0,2,37.04,2.09,3,1625,1627,54.21,1.46
549410,1628,4794,443,1118847458300,29.985,976.748,6451816.839,1872690.3830000001,10.0,7.0,2,37.08,-1.63,3,1625,1627,54.37,1.47
549411,1628,4795,443,1118847458400,29.921999999999997,980.457,6451819.672,1872688.003,10.0,7.0,2,36.91,-2.65,3,1625,1627,54.54,1.48
549412,1628,4796,443,1118847458500,29.861,984.12,6451822.467999999,1872685.654,10.0,7.0,2,36.79,-0.21,3,1625,1627,54.67,1.49
549413,1628,4797,443,1118847458600,29.804000000000002,987.7669999999999,6451825.261,1872683.301,10.0,7.0,2,37.0,4.25,3,1625,1627,54.77,1.48
549414,1628,4798,443,1118847458700,29.739,991.462,6451828.082,1872680.936,10.0,7.0,2,37.6,8.07,3,1625,1627,54.86,1.46
549415,1628,4799,443,1118847458800,29.688000000000002,995.253,6451830.97,1872678.4919999999,10.0,7.0,2,38.43,9.31,3,1625,1627,54.93,1.43
549416,1628,4800,443,1118847458900,29.684,999.155,6451833.903,1872675.9440000001,10.0,7.0,2,39.23,7.22,3,1625,1627,54.99,1.4
549417,1628,4801,443,1118847459000,29.699,1003.1389999999999,6451836.904,1872673.311,10.0,7.0,2,39.77,3.45,3,1625,1627,55.01,1.38
549418,1628,4802,443,1118847459100,29.709,1007.153,6451839.927999999,1872670.6630000002,10.0,7.0,2,39.99,0.69,3,1625,1627,55.01,1.38
549419,1628,4803,443,1118847459200,29.715,1011.164,6451842.94,1872668.031,10.0,7.0,2,40.03,-0.26,3,1625,1627,55.0,1.37
549420,1628,4804,443,1118847459300,29.721,1015.165,6451845.9520000005,1872665.399,10.0,7.0,2,40.01,-0.17,3,1625,1627,55.0,1.37
549421,1628,4805,443,1118847459400,29.726999999999997,1019.164,6451848.964,1872662.767,10.0,7.0,2,40.0,0.0,3,1625,1627,55.0,1.38
549422,1628,4806,443,1118847459500,29.733,1023.164,6451851.976,1872660.135,10.0,7.0,2,40.0,0.0,3,1625,1627,55.0,1.38
549423,1628,4807,443,1118847459600,29.74,1027.164,6451854.988,1872657.503,10.0,7.0,2,40.0,0.0,3,1625,1627,55.0,1.38
549424,1628,4808,443,1118847459700,29.745,1031.164,6451858.001,1872654.871,10.0,7.0,2,40.0,0.0,3,1625,1627,55.0,1.38
549425,1628,4809,443,1118847459800,29.750999999999998,1035.164,6451861.012999999,1872652.239,10.0,7.0,2,40.0,0.0,3,1625,1627,55.0,1.38
549426,1628,4810,443,1118847459900,29.756999999999998,1039.164,6451864.025,1872649.6069999998,10.0,7.0,2,40.0,0.0,3,1625,1627,55.0,1.38
549427,1628,4811,443,1118847460000,29.763,1043.164,6451867.0370000005,1872646.975,10.0,7.0,2,40.0,0.0,3,1625,1627,55.0,1.38
549428,1628,4812,443,1118847460100,29.77,1047.164,6451870.049,1872644.343,10.0,7.0,2,40.0,0.0,3,1625,1627,55.0,1.38
549429,1628,4813,443,1118847460200,29.776,1051.164,6451873.061000001,1872641.711,10.0,7.0,2,40.0,0.0,3,1625,1627,55.0,1.38
549430,1628,4814,443,1118847460300,29.781999999999996,1055.164,6451876.073,1872639.0790000001,10.0,7.0,2,40.0,0.0,3,1625,1627,55.0,1.38
549431,1628,4815,443,1118847460400,29.789,1059.164,6451879.085,1872636.446,10.0,7.0,2,40.0,0.0,3,1625,1627,55.0,1.38
549432,1628,4816,443,1118847460500,29.795,1063.164,6451882.097,1872633.814,10.0,7.0,2,40.0,0.0,3,1625,1627,55.0,1.38
549433,1628,4817,443,1118847460600,29.801,1067.1660000000002,6451885.109,1872631.1819999998,10.0,7.0,2,39.98,-0.25,3,1625,1627,55.0,1.38
549434,1628,4818,443,1118847460700,29.807,1071.161,6451888.121,1872628.55,10.0,7.0,2,39.97,-0.07,3,1625,1627,55.0,1.38
549435,1628,4819,443,1118847460800,29.813000000000002,1075.145,6451891.132999999,1872625.918,10.0,7.0,2,40.1,2.05,3,1625,1627,55.02,1.37
549436,1628,4820,443,1118847460900,29.82,1079.138,6451894.123,1872623.305,10.0,7.0,2,40.53,6.26,3,1625,1627,55.03,1.36
549437,1628,4821,443,1118847461000,29.784000000000002,1083.193,6451897.197000001,1872620.674,10.0,7.0,2,41.37,10.7,3,1625,1627,54.97,1.33
549438,1628,4822,443,1118847461100,29.768,1087.384,6451900.356000001,1872617.9430000002,10.0,7.0,2,42.5,11.2,3,1625,1627,54.78,1.29
549439,1628,4823,443,1118847461200,29.798000000000002,1091.693,6451903.597,1872615.081,10.0,7.0,2,43.63,10.7,3,1625,1627,54.47,1.25
549440,1628,4824,443,1118847461300,29.846,1096.138,6451906.924,1872612.119,10.0,7.0,2,44.47,6.26,3,1625,1627,54.02,1.21
549441,1628,4825,443,1118847461400,29.851999999999997,1100.645,6451910.335,1872609.139,10.0,7.0,2,44.9,2.05,3,1625,1627,53.5,1.19
549442,1628,4826,443,1118847461500,29.859,1105.161,6451913.722999999,1872606.178,10.0,7.0,2,45.03,-0.07,3,1625,1627,52.99,1.18
549443,1628,4827,443,1118847461600,29.866,1109.6660000000002,6451917.112000001,1872603.217,10.0,7.0,2,45.02,-0.25,3,1625,1627,52.55,1.17
549444,1628,4828,443,1118847461700,29.873,1114.164,6451920.5,1872600.256,10.0,7.0,2,45.0,0.0,3,1625,1627,52.2,1.16
549445,1628,4829,443,1118847461800,29.88,1118.664,6451923.8889999995,1872597.295,10.0,7.0,2,45.0,0.0,3,1625,1627,51.93,1.15
549446,1628,4830,443,1118847461900,29.886,1123.164,6451927.278,1872594.334,10.0,7.0,2,45.0,0.0,3,1625,1627,51.73,1.15
549447,1628,4831,443,1118847462000,29.894000000000002,1127.664,6451930.666,1872591.3730000001,10.0,7.0,2,45.0,0.0,3,1625,1627,51.61,1.15
549448,1628,4832,443,1118847462100,29.9,1132.164,6451934.055,1872588.4119999998,10.0,7.0,2,45.0,0.0,3,1625,1627,51.57,1.15
549449,1628,4833,443,1118847462200,29.906999999999996,1136.664,6451937.443,1872585.451,10.0,7.0,2,45.0,0.0,3,1625,1627,51.57,1.15
549450,1628,4834,443,1118847462300,29.914,1141.164,6451940.832,1872582.49,10.0,7.0,2,45.0,0.0,3,1625,1627,51.59,1.15
549451,1628,4835,443,1118847462400,29.921,1145.664,6451944.22,1872579.529,10.0,7.0,2,45.0,0.0,3,1625,1627,51.59,1.15
549452,1628,4836,443,1118847462500,29.928,1150.1589999999999,6451947.609,1872576.5680000002,10.0,7.0,2,45.05,0.76,3,1625,1627,51.59,1.15
549453,1628,4837,443,1118847462600,29.935,1154.663,6451950.997,1872573.6069999998,10.0,7.0,2,45.15,1.41,3,1625,1627,51.57,1.14
549454,1628,4838,443,1118847462700,29.941999999999997,1159.19,6451954.386,1872570.646,10.0,7.0,2,45.23,0.59,3,1625,1627,51.54,1.14
549455,1628,4839,443,1118847462800,29.945,1163.72,6451957.774,1872567.685,10.0,7.0,2,45.25,-0.2,3,1625,1627,51.57,1.14
549456,1628,4840,443,1118847462900,29.939,1168.237,6451961.163,1872564.7240000002,10.0,7.0,2,45.36,1.26,3,1625,1627,51.69,1.14
549457,1628,4841,443,1118847463000,29.945999999999998,1172.751,6451964.535,1872561.76,10.0,7.0,2,45.71,5.6,3,1625,1627,51.84,1.13
549458,1628,4842,443,1118847463100,29.846,1177.318,6451968.041,1872558.821,10.0,7.0,2,46.47,10.11,3,1625,1627,51.88,1.12
549459,1628,4843,443,1118847463200,29.694000000000003,1182.009,6451971.659,1872555.8530000001,10.0,7.0,2,47.53,11.2,3,1625,1627,51.7,1.09
549460,1628,4844,443,1118847463300,29.511,1186.827,6451975.408,1872552.811,10.0,7.0,2,48.57,9.8,3,1625,1627,51.29,1.06
549461,1628,4845,443,1118847463400,29.25,1191.758,6451979.3,1872549.7480000001,10.0,7.0,2,49.34,5.88,3,1625,1627,50.7,1.03
549462,1628,4846,443,1118847463500,28.892,1196.747,6451983.297,1872546.7219999998,10.0,7.0,2,49.77,2.29,3,1625,1627,50.03,1.01
549463,1628,4847,443,1118847463600,28.423000000000002,1201.749,6451987.357000001,1872543.7880000002,10.0,7.0,2,49.93,0.53,3,1625,1627,49.34,0.99
549464,1628,4848,443,1118847463700,27.886999999999997,1206.75,6451991.47,1872540.896,10.0,7.0,2,49.96,-0.08,3,1625,1627,48.65,0.97
549465,1628,4849,443,1118847463800,27.38,1211.744,6451995.563999999,1872537.983,10.0,7.0,2,49.95,0.0,3,1625,1627,47.97,0.96
549466,1628,4850,443,1118847463900,26.874000000000002,1216.721,6451999.658,1872535.0690000001,10.0,7.0,2,50.14,2.86,3,1625,1627,47.28,0.94
549467,1628,4851,443,1118847464000,26.366999999999997,1221.708,6452003.73,1872532.175,10.0,7.0,2,50.78,9.21,3,1625,1627,46.68,0.92
549468,1628,4852,443,1118847464100,25.796999999999997,1226.8410000000001,6452007.896000001,1872529.282,10.0,7.0,2,52.01,11.2,3,1625,1627,46.13,0.89
549469,1628,4853,443,1118847464200,25.309,1232.138,6452012.187000001,1872526.1709999999,10.0,7.0,2,53.76,11.2,3,1625,1627,45.62,0.85
549470,1628,4854,443,1118847464300,24.842,1237.614,6452016.612000001,1872522.914,10.0,7.0,2,55.75,11.2,3,1625,1627,45.15,0.81
549471,1628,4855,443,1118847464400,24.397,1243.267,6452021.172,1872519.511,10.0,7.0,2,57.49,11.2,3,1625,1627,44.72,0.78
549472,1628,4856,443,1118847464500,24.029,1249.097,6452025.86,1872515.892,10.0,7.0,2,58.59,7.21,2,1621,1634,94.76,1.62
549473,1628,4857,443,1118847464600,23.634,1255.0610000000001,6452030.624,1872512.243,10.0,7.0,2,58.82,-3.04,2,1621,1634,94.33,1.6
549474,1628,4858,443,1118847464700,23.248,1260.981,6452035.3270000005,1872508.635,10.0,7.0,2,58.18,-10.52,2,1621,1634,94.03,1.62
549475,1628,4859,443,1118847464800,22.825,1266.751,6452039.955,1872505.142,10.0,7.0,2,57.13,-11.2,2,1621,1634,93.97,1.64
549476,1628,4860,443,1118847464900,22.336,1272.381,6452044.512,1872501.8,10.0,7.0,2,56.26,-6.82,2,1621,1634,94.13,1.67
549477,1628,4861,443,1118847465000,21.816999999999997,1277.92,6452048.982000001,1872498.573,10.0,7.0,2,55.98,1.14,2,1621,1634,94.48,1.69
549478,1628,4862,443,1118847465100,21.517,1283.47,6452053.371,1872495.126,10.0,7.0,2,56.44,8.73,2,1621,1634,94.88,1.68
549479,1628,4863,443,1118847465200,21.362,1289.146,6452057.722,1872491.52,10.0,7.0,2,57.47,11.2,2,1621,1634,95.21,1.66
549480,1628,4864,443,1118847465300,21.268,1294.952,6452062.149,1872487.7659999998,10.0,7.0,2,58.57,10.62,2,1621,1634,95.42,1.63
549481,1628,4865,443,1118847465400,21.313000000000002,1300.893,6452066.615,1872483.792,10.0,7.0,2,59.35,5.44,2,1621,1634,95.48,1.61
549482,1628,4866,443,1118847465500,21.313000000000002,1306.885,6452071.15,1872479.8190000001,10.0,7.0,2,59.73,1.26,2,1621,1634,95.49,1.6
549483,1628,4867,443,1118847465600,21.328000000000003,1312.875,6452075.663,1872475.866,10.0,7.0,2,59.84,0.3,2,1621,1634,95.49,1.6
549484,1628,4868,443,1118847465700,21.348000000000003,1318.856,6452080.176,1872471.9119999998,10.0,7.0,2,59.88,0.95,2,1621,1634,95.52,1.6
549485,1628,4869,443,1118847465800,21.366999999999997,1324.85,6452084.69,1872467.959,10.0,7.0,2,59.96,0.64,2,1621,1634,95.55,1.59
549486,1628,4870,443,1118847465900,21.388,1330.854,6452089.203,1872464.005,10.0,7.0,2,60.0,0.0,2,1621,1634,95.58,1.59
549487,1628,4871,443,1118847466000,21.408,1336.854,6452093.716,1872460.052,10.0,7.0,2,60.0,0.0,2,1621,1634,95.6,1.59
549488,1628,4872,443,1118847466100,21.428,1342.856,6452098.228999999,1872456.0980000002,10.0,7.0,2,59.98,-0.26,2,1621,1634,95.61,1.59
549489,1628,4873,443,1118847466200,21.447,1348.851,6452102.743,1872452.145,10.0,7.0,2,59.97,-0.09,2,1621,1634,95.61,1.59
549490,1628,4874,443,1118847466300,21.467,1354.8339999999998,6452107.256,1872448.1909999999,10.0,7.0,2,60.1,2.04,2,1621,1634,95.62,1.59
549491,1628,4875,443,1118847466400,21.487,1360.8270000000002,6452111.747,1872444.257,10.0,7.0,2,60.53,6.27,2,1621,1634,95.63,1.58
549492,1628,4876,443,1118847466500,21.465999999999998,1366.882,6452116.322000001,1872440.304,10.0,7.0,2,61.36,10.72,2,1621,1634,95.58,1.56
549493,1628,4877,443,1118847466600,21.465,1373.0739999999998,6452120.982000001,1872436.251,10.0,7.0,2,62.5,11.2,2,1621,1634,95.38,1.53
549494,1628,4878,443,1118847466700,21.509,1379.382,6452125.723999999,1872432.0669999998,10.0,7.0,2,63.64,10.7,2,1621,1634,95.06,1.49
549495,1628,4879,443,1118847466800,21.570999999999998,1385.828,6452130.552,1872427.783,10.0,7.0,2,64.47,6.24,2,1621,1634,94.6,1.47
549496,1628,4880,443,1118847466900,21.592,1392.335,6452135.464,1872423.481,10.0,7.0,2,64.9,2.02,2,1621,1634,94.15,1.45
549497,1628,4881,443,1118847467000,21.614,1398.85,6452140.352999999,1872419.198,10.0,7.0,2,65.03,0.02,2,1621,1634,93.83,1.44
549498,1628,4882,443,1118847467100,21.636,1405.349,6452145.242000001,1872414.915,10.0,7.0,2,65.09,0.85,2,1621,1634,93.64,1.44
549499,1628,4883,443,1118847467200,21.686999999999998,1411.8570000000002,6452150.112000001,1872410.61,10.0,7.0,2,65.22,1.78,2,1621,1634,93.57,1.43
549500,1628,4884,443,1118847467300,21.67,1418.394,6452155.036,1872406.3480000002,10.0,7.0,2,65.3,0.59,2,1621,1634,93.54,1.43
549501,1628,4885,443,1118847467400,21.54,1424.9370000000001,6452160.01,1872402.18,10.0,7.0,2,65.28,-1.11,2,1621,1634,93.52,1.43
549502,1628,4886,443,1118847467500,21.329,1431.465,6452165.03,1872398.0459999999,10.0,7.0,2,65.18,-1.68,2,1621,1634,93.49,1.43
549503,1628,4887,443,1118847467600,21.174,1437.969,6452170.004,1872393.878,10.0,7.0,2,65.05,-0.79,2,1621,1634,93.49,1.44
549504,1628,4888,443,1118847467700,21.123,1444.4589999999998,6452174.927,1872389.616,10.0,7.0,2,65.03,0.59,2,1621,1634,93.49,1.44
549505,1628,4889,443,1118847467800,21.14,1450.957,6452179.797,1872385.311,10.0,7.0,2,65.17,1.91,2,1621,1634,93.46,1.43
549506,1628,4890,443,1118847467900,21.14,1457.4720000000002,6452184.67,1872381.025,10.0,7.0,2,65.45,3.78,2,1621,1634,93.45,1.43
549507,1628,4891,443,1118847468000,21.058000000000003,1464.0220000000002,6452189.661,1872376.744,10.0,7.0,2,65.92,5.66,2,1621,1634,93.46,1.42
549508,1628,4892,443,1118847468100,20.913,1470.639,6452194.712,1872372.495,10.0,7.0,2,66.5,6.13,2,1621,1634,93.48,1.41
549509,1628,4893,443,1118847468200,20.738000000000003,1477.326,6452199.847,1872368.2119999998,10.0,7.0,2,67.04,5.05,2,1621,1634,93.45,1.39
549510,1628,4894,443,1118847468300,20.583000000000002,1484.0720000000001,6452205.028,1872363.862,10.0,7.0,2,67.4,2.41,2,1621,1634,93.35,1.38
549511,1628,4895,443,1118847468400,20.531,1490.85,6452210.142999999,1872359.4330000002,10.0,7.0,2,67.45,-1.38,2,1621,1634,93.16,1.38
549512,1628,4896,443,1118847468500,20.546999999999997,1497.6129999999998,6452215.219,1872354.947,10.0,7.0,2,67.13,-4.97,2,1621,1634,92.95,1.38
549513,1628,4897,443,1118847468600,20.551,1504.315,6452220.253,1872350.514,10.0,7.0,2,66.56,-6.99,2,1621,1634,92.75,1.39
549514,1628,4898,443,1118847468700,20.537,1510.9229999999998,6452225.2360000005,1872346.15,10.0,7.0,2,66.02,-4.77,2,1621,1634,92.64,1.4
549515,1628,4899,443,1118847468800,20.508000000000003,1517.4620000000002,6452230.149,1872341.868,10.0,7.0,2,65.89,1.44,2,1621,1634,92.6,1.41
549516,1628,4900,443,1118847468900,20.454,1524.017,6452235.078,1872337.605,10.0,7.0,2,66.29,7.38,2,1621,1634,92.54,1.4
549517,1628,4901,443,1118847469000,20.444000000000003,1530.6779999999999,6452240.098999999,1872333.2030000002,10.0,7.0,2,66.98,7.73,2,1621,1634,92.36,1.38
549518,1628,4902,443,1118847469100,20.464000000000002,1537.434,6452245.172,1872328.715,10.0,7.0,2,67.56,4.19,2,1621,1634,92.1,1.36
549519,1628,4903,443,1118847469200,20.45,1544.2179999999998,6452250.324,1872324.2019999998,10.0,7.0,2,68.02,3.61,2,1621,1634,91.87,1.35
549520,1628,4904,443,1118847469300,20.486,1551.02,6452255.457,1872319.6730000002,10.0,7.0,2,68.58,6.98,2,1621,1634,91.81,1.34
549521,1628,4905,443,1118847469400,20.57,1557.8970000000002,6452260.61,1872315.094,10.0,7.0,2,69.31,8.99,2,1621,1634,91.79,1.32
549522,1628,4906,443,1118847469500,20.709,1564.899,6452265.812999999,1872310.4009999998,10.0,7.0,2,69.91,4.39,2,1621,1634,91.82,1.31
549523,1628,4907,443,1118847469600,20.85,1571.964,6452271.094,1872305.6369999999,10.0,7.0,2,69.98,-3.35,2,1621,1634,91.84,1.31
549524,1628,4908,443,1118847469700,20.984,1578.9720000000002,6452276.302999999,1872300.9440000001,10.0,7.0,2,69.53,-6.92,2,1621,1634,91.86,1.32
549525,1628,4909,443,1118847469800,21.063000000000002,1585.8770000000002,6452281.456,1872296.372,10.0,7.0,2,69.03,-4.27,2,1621,1634,91.95,1.33
549526,1628,4910,443,1118847469900,21.101999999999997,1592.72,6452286.581,1872291.879,10.0,7.0,2,68.89,1.54,2,1621,1634,92.1,1.34
549527,1628,4911,443,1118847470000,21.087,1599.5910000000001,6452291.782000001,1872287.39,10.0,7.0,2,69.17,5.04,2,1621,1634,92.23,1.33
549528,1628,4912,443,1118847470100,21.104,1606.535,6452297.02,1872282.8269999998,10.0,7.0,2,69.61,4.36,2,1621,1634,92.28,1.33
549529,1628,4913,443,1118847470200,21.108,1613.5339999999999,6452302.329,1872278.22,10.0,7.0,2,69.91,1.76,2,1621,1634,92.3,1.32
549530,1628,4914,443,1118847470300,21.112,1620.5479999999998,6452307.616,1872273.632,10.0,7.0,2,70.02,0.0,2,1621,1634,92.27,1.32
549531,1628,4915,443,1118847470400,21.116999999999997,1627.5529999999999,6452312.902000001,1872269.043,10.0,7.0,2,70.02,-0.26,2,1621,1634,92.17,1.32
549532,1628,4916,443,1118847470500,21.121,1634.531,6452318.188999999,1872264.455,10.0,7.0,2,70.18,2.95,2,1621,1634,92.07,1.31
549533,1628,4917,443,1118847470600,21.125,1641.55,6452323.476,1872259.8669999999,10.0,7.0,2,70.61,5.52,2,1621,1634,91.95,1.3
549534,1628,4918,443,1118847470700,21.13,1648.654,6452328.762,1872255.2780000002,10.0,7.0,2,70.91,2.63,2,1621,1634,91.83,1.3
549535,1628,4919,443,1118847470800,21.073,1655.7879999999998,6452334.049,1872250.69,10.0,7.0,2,70.9,-2.68,2,1621,1634,91.71,1.29
549536,1628,4920,443,1118847470900,20.965,1662.891,6452339.335,1872246.102,10.0,7.0,2,70.6,-5.54,2,1621,1634,91.61,1.3
549537,1628,4921,443,1118847471000,20.855999999999998,1669.9089999999999,6452344.622,1872241.514,10.0,7.0,2,70.18,-2.95,2,1621,1634,91.57,1.3
549538,1628,4922,443,1118847471100,20.749000000000002,1676.888,6452349.908,1872236.925,10.0,7.0,2,69.99,0.0,2,1621,1634,91.59,1.31
549539,1628,4923,443,1118847471200,20.64,1683.888,6452355.195,1872232.3369999998,10.0,7.0,2,69.99,0.0,2,1621,1634,91.64,1.31
549540,1628,4924,443,1118847471300,20.531,1690.8870000000002,6452360.482000001,1872227.749,10.0,7.0,2,69.99,0.0,2,1621,1634,91.84,1.31
549541,1628,4925,443,1118847471400,20.423,1697.886,6452365.767999999,1872223.1609999998,10.0,7.0,2,69.99,0.0,2,1621,1634,92.16,1.32
549542,1628,4926,443,1118847471500,20.314,1704.9089999999999,6452371.055,1872218.572,10.0,7.0,2,69.77,-3.51,2,1621,1634,92.6,1.33
549543,1628,4927,443,1118847471600,20.206,1711.885,6452376.341,1872213.9840000002,10.0,7.0,2,69.27,-6.56,2,1621,1634,93.18,1.35
549544,1628,4928,443,1118847471700,20.097,1718.763,6452381.628,1872209.396,10.0,7.0,2,68.9,-3.39,2,1621,1634,93.87,1.36
549545,1628,4929,443,1118847471800,20.021,1725.5970000000002,6452386.914,1872204.8069999998,10.0,7.0,2,68.89,3.11,2,1621,1634,94.56,1.37
549546,1628,4930,443,1118847471900,20.054000000000002,1732.461,6452392.201,1872200.219,10.0,7.0,2,69.35,8.2,2,1621,1634,95.18,1.37
549547,1628,4931,443,1118847472000,20.087,1739.435,6452397.465,1872195.65,10.0,7.0,2,70.16,7.92,2,1621,1634,95.67,1.36
549548,1628,4932,443,1118847472100,20.104,1746.5020000000002,6452402.7979999995,1872191.043,10.0,7.0,2,70.92,6.83,2,1621,1634,96.07,1.35
549549,1628,4933,443,1118847472200,20.137,1753.628,6452408.177999999,1872186.375,10.0,7.0,2,71.56,6.56,2,1621,1634,96.44,1.35
549550,1628,4934,443,1118847472300,20.188,1760.8310000000001,6452413.61,1872181.638,10.0,7.0,2,72.09,4.32,2,1621,1634,96.8,1.34
549551,1628,4935,443,1118847472400,20.223,1768.07,6452419.103999999,1872176.87,10.0,7.0,2,72.5,3.21,2,1621,1634,97.27,1.34
549552,1628,4936,443,1118847472500,20.257,1775.329,6452424.561000001,1872172.134,10.0,7.0,2,72.92,4.58,2,1621,1634,97.85,1.34
549553,1628,4937,443,1118847472600,20.275,1782.622,6452430.079,1872167.366,10.0,7.0,2,73.54,7.84,2,1621,1634,98.52,1.34
549554,1628,4938,443,1118847472700,20.31,1790.017,6452435.65,1872162.531,10.0,7.0,2,74.25,7.36,2,1621,1634,99.04,1.33
549555,1628,4939,443,1118847472800,20.362000000000002,1797.5179999999998,6452441.29,1872157.614,10.0,7.0,2,74.59,0.98,2,1621,1634,99.31,1.33
549556,1628,4940,443,1118847472900,20.371,1805.02,6452446.931,1872152.697,10.0,7.0,2,74.44,-4.9,2,1621,1634,99.44,1.34
549557,1628,4941,443,1118847473000,20.340999999999998,1812.445,6452452.505,1872147.881,10.0,7.0,2,74.07,-4.67,2,1621,1634,99.56,1.34
549558,1628,4942,443,1118847473100,20.327,1819.8039999999999,6452458.018999999,1872143.094,10.0,7.0,2,73.79,-0.55,2,1621,1634,99.69,1.35
549559,1628,4943,443,1118847473200,20.313,1827.1760000000002,6452463.591,1872138.2580000001,10.0,7.0,2,73.64,-0.66,2,1621,1634,99.79,1.36
549560,1628,4944,443,1118847473300,20.315,1834.5620000000001,6452469.21,1872133.36,10.0,7.0,2,73.36,-4.9,2,1609,1634,294.57,4.02
549561,1628,4945,443,1118847473400,20.323,1841.876,6452474.726,1872128.543,10.0,7.0,2,72.97,-4.76,2,0,1634,0.0,0.0
549562,1628,4946,443,1118847473500,20.257,1849.108,6452480.185,1872123.874,10.0,7.0,2,72.9,2.22,2,0,1634,0.0,0.0
549563,1628,4947,443,1118847473600,20.241,1856.352,6452485.6389999995,1872119.1430000002,10.0,7.0,2,73.49,10.46,2,0,1634,0.0,0.0
549564,1628,4948,443,1118847473700,20.325,1863.755,6452491.158,1872114.2219999998,10.0,7.0,2,74.62,11.2,2,0,1634,0.0,0.0
549565,1628,4949,443,1118847473800,20.454,1871.296,6452496.761,1872109.169,10.0,7.0,2,75.58,7.41,2,0,1634,0.0,0.0
549566,1628,4950,443,1118847473900,20.72,1878.9460000000001,6452502.387999999,1872103.9130000002,10.0,7.0,2,75.87,-1.4,2,0,1634,0.0,0.0
549567,1628,4951,443,1118847474000,21.063000000000002,1886.5629999999999,6452507.966,1872098.5980000002,10.0,7.0,2,75.6,-6.11,2,0,1634,0.0,0.0
549568,1628,4952,443,1118847474100,21.316,1894.1070000000002,6452513.597,1872093.4109999998,10.0,7.0,2,74.92,-7.56,2,0,1634,0.0,0.0
549569,1628,4953,443,1118847474200,21.41,1901.569,6452519.3,1872088.451,10.0,7.0,2,74.0,-9.44,2,0,1634,0.0,0.0
549570,1628,4954,443,1118847474300,21.386999999999997,1908.921,6452524.953,1872083.687,10.0,7.0,2,72.88,-11.2,2,0,1634,0.0,0.0
549571,1628,4955,443,1118847474400,21.265,1916.1470000000002,6452530.542,1872079.106,10.0,7.0,2,71.62,-11.2,2,0,1634,0.0,0.0
549572,1628,4956,443,1118847474500,20.995,1923.233,6452536.076,1872074.7659999998,10.0,7.0,2,70.58,-7.9,2,0,1634,0.0,0.0
549573,1628,4957,443,1118847474600,20.778000000000002,1930.2120000000002,6452541.531,1872070.425,10.0,7.0,2,70.04,-2.31,2,0,1634,0.0,0.0
549574,1628,4958,443,1118847474700,20.558000000000003,1937.171,6452547.007999999,1872066.0669999998,10.0,7.0,2,70.04,2.33,2,0,1634,0.0,0.0
549575,1628,4959,443,1118847474800,20.340999999999998,1944.1589999999999,6452552.462,1872061.726,10.0,7.0,2,70.5,6.57,2,0,1634,0.0,0.0
549576,1628,4960,443,1118847474900,20.079,1951.214,6452558.005,1872057.368,10.0,7.0,2,71.34,10.63,2,0,1634,0.0,0.0
549577,1628,4961,443,1118847475000,19.833,1958.4089999999999,6452563.636,1872052.915,10.0,7.0,2,72.26,9.23,2,0,1634,0.0,0.0
549578,1628,4962,443,1118847475100,19.625999999999998,1965.7079999999999,6452569.351,1872048.3390000002,10.0,7.0,2,72.92,4.57,2,0,1634,0.0,0.0
549579,1628,4963,443,1118847475200,19.435,1973.0320000000002,6452575.154,1872043.668,10.0,7.0,2,73.44,3.73,2,0,1634,0.0,0.0
549580,1628,4964,443,1118847475300,19.261,1980.392,6452581.045,1872038.98,10.0,7.0,2,73.9,5.18,2,0,1634,0.0,0.0
549581,1628,4965,443,1118847475400,19.172,1987.807,6452586.914,1872034.3090000001,10.0,7.0,2,74.26,4.39,2,0,1634,0.0,0.0
549582,1628,4966,443,1118847475500,19.083,1995.289,6452592.805,1872029.621,10.0,7.0,2,74.43,-1.2,2,0,1634,0.0,0.0
549583,1628,4967,443,1118847475600,19.012,2002.759,6452598.624,1872024.968,10.0,7.0,2,74.17,-5.42,2,0,1634,0.0,0.0
549584,1628,4968,443,1118847475700,18.908,2010.1429999999998,6452604.401000001,1872020.3930000002,10.0,7.0,2,73.7,-4.23,2,0,1634,0.0,0.0
549585,1628,4969,443,1118847475800,18.820999999999998,2017.474,6452610.137999999,1872015.8280000002,10.0,7.0,2,73.4,-1.67,2,0,1634,0.0,0.0
549586,1628,4970,443,1118847475900,18.734,2024.7939999999999,6452615.865,1872011.27,10.0,7.0,2,73.31,0.05,2,0,1634,0.0,0.0
549587,1628,4971,443,1118847476000,18.647000000000002,2032.124,6452621.592999999,1872006.7119999998,10.0,7.0,2,73.31,0.22,2,0,1634,0.0,0.0
549588,1628,4972,443,1118847476100,18.56,2039.471,6452627.352000001,1872002.129,10.0,7.0,2,73.19,-2.1,2,0,1634,0.0,0.0
549589,1628,4973,443,1118847476200,18.473,2046.7879999999998,6452633.08,1871997.571,10.0,7.0,2,72.93,-3.56,2,0,1634,0.0,0.0
549590,1628,4974,443,1118847476300,18.387,2054.042,6452638.807,1871993.013,10.0,7.0,2,72.83,0.0,2,0,1634,0.0,0.0
549591,1628,4975,443,1118847476400,18.322,2061.288,6452644.543,1871988.448,10.0,7.0,2,73.13,5.94,2,0,1634,0.0,0.0
549592,1628,4976,443,1118847476500,18.304000000000002,2068.606,6452650.32,1871983.8730000001,10.0,7.0,2,73.78,8.95,2,0,1634,0.0,0.0
549593,1628,4977,443,1118847476600,18.320999999999998,2076.044,6452656.1389999995,1871979.22,10.0,7.0,2,74.5,6.1,2,0,1634,0.0,0.0
549594,1628,4978,443,1118847476700,18.320999999999998,2083.555,6452662.031,1871974.531,10.0,7.0,2,74.93,1.83,2,0,1634,0.0,0.0
549595,1628,4979,443,1118847476800,18.32,2091.07,6452667.899,1871969.861,10.0,7.0,2,75.05,0.16,2,0,1634,0.0,0.0
549596,1628,4980,443,1118847476900,18.32,2098.5789999999997,6452673.767999999,1871965.1909999999,10.0,7.0,2,75.05,-0.15,2,0,1634,0.0,0.0
549597,1628,4981,443,1118847477000,18.319000000000003,2106.0820000000003,6452679.636,1871960.521,10.0,7.0,2,75.04,-0.09,2,0,1634,0.0,0.0
549598,1628,4982,443,1118847477100,18.313,2113.5860000000002,6452685.505,1871955.851,10.0,7.0,2,75.04,0.0,2,0,1634,0.0,0.0
549599,1628,4983,443,1118847477200,18.308,2121.087,6452691.374,1871951.18,10.0,7.0,2,75.04,0.0,2,0,1634,0.0,0.0
549600,1628,4984,443,1118847477300,18.302,2128.587,6452697.242000001,1871946.51,10.0,7.0,2,75.04,0.0,2,0,1634,0.0,0.0
